1	東	端	東一	東	德紅
2	同	定	東一	東	徒紅
3	中	知	東三	東	陟弓
4	蟲	澄	東三	東	直弓
5	終	章	東三	東	職戎
6	忡	徹	東三	東	敕中
7	崇	崇	東三	東	鋤弓
8	嵩	心	東三	東	息弓
9	戎	日	東三	東	如融
10	弓	見	東三	東	居戎
11	融	以	東三	東	以戎
12	雄	云	東三	東	羽弓
13	瞢	明	東三	東	莫中
14	穹	溪	東三	東	去宮
15	窮	羣	東三	東	渠弓
16	馮	並	東三	東	房戎
17	風	幫	東三	東	方戎
18	豐	滂	東三	東	敷空
19	充	昌	東三	東	昌終
20	隆	來	東三	東	力中
21	空	溪	東一	東	苦紅
22	公	見	東一	東	古紅
23	蒙	明	東一	東	莫紅
24	籠	來	東一	東	盧紅
25	洪	匣	東一	東	戸公
26	叢	從	東一	東	徂紅
27	翁	影	東一	東	烏紅
28	怱	清	東一	東	倉紅
29	通	透	東一	東	他紅
30	葼	精	東一	東	子紅
31	蓬	並	東一	東	薄紅
32	烘	曉	東一	東	呼東
33	㟅	疑	東一	東	五東
34	檧	心	東一	東	蘇公
35	冬	端	冬	冬	都宗
36	彤	定	冬	冬	徒冬
37	賨	從	冬	冬	藏宗
38	農	泥	冬	冬	奴冬
39	攻	見	冬	冬	古冬
40	䃔	匣	冬	冬	戸冬
41	䃧	來	冬	冬	力冬
42	宗	精	冬	冬	作冬
43	鬆	心	冬	冬	私宗
44	炵	透	冬	冬	他冬
45	鍾	章	鍾	鍾	職容
46	龍	來	鍾	鍾	力鍾
47	舂	書	鍾	鍾	書容
48	松	邪	鍾	鍾	祥容
49	𧘂	昌	鍾	鍾	尺容
50	容	以	鍾	鍾	餘封
51	封	幫	鍾	鍾	府容
52	胷	曉	鍾	鍾	許容
53	顒	疑	鍾	鍾	魚容
54	邕	影	鍾	鍾	於容
55	醲	孃	鍾	鍾	女容
56	重	澄	鍾	鍾	直容
57	從	從	鍾	鍾	疾容
58	蹱	徹	鍾	鍾	丑凶
59	逢	並	鍾	鍾	符容
60	峯	滂	鍾	鍾	敷容
61	縱	精	鍾	鍾	即容
62	茸	日	鍾	鍾	而容
63	蛩	羣	鍾	鍾	渠容
64	鱅	常	鍾	鍾	蜀庸
65	恭	見	鍾	鍾	九容
66	蜙	心	鍾	鍾	息恭
67	樅	清	鍾	鍾	七恭
68	銎	溪	鍾	鍾	曲恭
69	江	見	江	江	古雙
70	厖	明	江	江	莫江
71	𦗳	孃	江	江	女江
72	囪	初	江	江	楚江
73	邦	幫	江	江	博江
74	栙	匣	江	江	下江
75	胮	滂	江	江	匹江
76	瀧	來	江	江	吕江
77	雙	生	江	江	所江
78	龐	並	江	江	薄江
79	肛	曉	江	江	許江
80	胦	影	江	江	握江
81	腔	溪	江	江	苦江
82	幢	澄	江	江	宅江
83	憃	徹	江	江	丑江
84	樁	知	江	江	都江
85	㟅	疑	江	江	五江
86	淙	崇	江	江	士江
87	支	章	支開	支	章移
88	移	以	支開	支	弋支
89	爲	云	支合	支	薳支
90	嬀	見	支B合	支B	居爲
91	𪎮	曉	支B合	支B	許爲
92	逶	影	支B合	支B	於爲
93	糜	明	支B開	支B	靡爲
94	隓	曉	支A合	支A	許規
95	鬌	澄	支合	支	直垂
96	𡍮	常	支合	支	是爲
97	羸	來	支合	支	力爲
98	吹	昌	支合	支	昌垂
99	鈹	滂	支B開	支B	敷羈
100	陂	幫	支B開	支B	彼爲
101	隨	邪	支合	支	旬爲
102	虧	溪	支B合	支B	去爲
103	闚	溪	支A合	支A	去隨
104	竒	羣	支B開	支B	渠羈
105	祇	羣	支A開	支A	巨支
106	犧	曉	支B開	支B	許羈
107	㩻	溪	支B開	支B	去奇
108	宜	疑	支B開	支B	魚羈
109	皮	並	支B開	支B	符羈
110	提	常	支開	支	是支
111	兒	日	支開	支	汝移
112	離	來	支開	支	吕支
113	疵	從	支開	支	疾移
114	貲	精	支開	支	即移
115	羈	見	支B開	支B	居宜
116	卑	幫	支A開	支A	府移
117	陴	並	支A開	支A	符支
118	䌳	書	支開	支	式支
119	斯	心	支開	支	息移
120	差	初	支開	支	楚宜
121	摛	徹	支開	支	丑知
122	彌	明	支A開	支A	武移
123	雌	清	支開	支	此移
124	知	知	支開	支	陟離
125	漪	影	支B開	支B	於離
126	馳	澄	支開	支	直離
127	眭	心	支合	支	息爲
128	危	疑	支B合	支B	魚爲
129	詑	曉	支A開	支A	香支
130	釃	生	支開	支	所宜
131	䪎	生	支合	支	山垂
132	痿	日	支合	支	人垂
133	厜	精	支開	支	姊移
134	𩓸	見	支A合	支A	居隋
135	劑	精	支合	支	遵爲
136	衰	初	支合	支	楚危
137	腄	知	支合	支	竹垂
138	䮔	精	支合	支	子垂
139	眵	昌	支開	支	叱支
140	齜	莊	支開	支	側宜
141	𤿎	滂	支A開	支A	匹支
142	䔺	以	支合	支	悅吹
143	齹	崇	支開	支	士宜
144	脂	章	脂開	脂	旨夷
145	姨	以	脂開	脂	以脂
146	師	生	脂開	脂	疏夷
147	𣬈	並	脂A開	脂A	房脂
148	咨	精	脂開	脂	即夷
149	飢	見	脂B開	脂B	居夷
150	鴟	昌	脂開	脂	處脂
151	絺	徹	脂開	脂	丑飢
152	郪	清	脂開	脂	取私
153	茨	從	脂開	脂	疾資
154	尼	孃	脂開	脂	女夷
155	墀	澄	脂開	脂	直尼
156	私	心	脂開	脂	息夷
157	尸	書	脂開	脂	式之
158	鬐	羣	脂B開	脂B	渠脂
159	伊	影	脂A開	脂A	於脂
160	棃	來	脂開	脂	力脂
161	葵	羣	脂A合	脂A	渠隹
162	追	知	脂合	脂	陟隹
163	龜	見	脂B合	脂B	居追
164	蕤	日	脂合	脂	儒隹
165	衰	生	脂合	脂	所追
166	惟	以	脂合	脂	以追
167	㶟	來	脂合	脂	力追
168	綏	心	脂合	脂	息遺
169	逵	羣	脂B合	脂B	渠追
170	眉	明	脂B開	脂B	武悲
171	悲	幫	脂B開	脂B	府眉
172	錐	章	脂合	脂	職追
173	誰	常	脂合	脂	視隹
174	帷	云	脂合	脂	洧悲
175	邳	並	脂B開	脂B	符悲
176	丕	滂	脂B開	脂B	敷悲
177	倠	曉	脂A合	脂A	許維
178	鎚	澄	脂合	脂	直追
179	推	昌	脂合	脂	叉隹
180	胝	知	脂開	脂	丁尼
181	紕	滂	脂A開	脂A	匹夷
182	嶉	精	脂合	脂	醉綏
183	巋	溪	脂B合	脂B	丘追
184	狋	疑	脂B開	脂B	牛肌
185	咦	曉	脂A開	脂A	喜夷
186	之	章	之	之	止而
187	飴	以	之	之	與之
188	時	常	之	之	市之
189	疑	疑	之	之	語其
190	思	心	之	之	息兹
191	輜	初	之	之	楚持
192	其	羣	之	之	渠之
193	詩	書	之	之	書之
194	而	日	之	之	如之
195	欺	溪	之	之	去其
196	姬	見	之	之	居之
197	詞	邪	之	之	似兹
198	釐	來	之	之	里之
199	葘	莊	之	之	側持
200	僖	曉	之	之	許其
201	醫	影	之	之	於其
202	癡	徹	之	之	丑之
203	治	澄	之	之	直之
204	蚩	昌	之	之	赤之
205	慈	從	之	之	疾之
206	兹	精	之	之	子之
207	茬	崇	之	之	士之
208	漦	俟	之	之	俟甾
209	抾	溪	之	之	丘之
210	䀵	書	之	之	式其
211	微	明	微合	微	無非
212	揮	曉	微合	微	許歸
213	幃	云	微合	微	雨非
214	霏	滂	微合	微	芳非
215	猆	幫	微合	微	甫微
216	肥	並	微合	微	符非
217	威	影	微合	微	於非
218	祈	羣	微開	微	渠希
219	機	見	微開	微	居依
220	希	曉	微開	微	香衣
221	依	影	微開	微	於希
222	沂	疑	微開	微	魚衣
223	巍	疑	微合	微	語韋
224	歸	見	微合	微	舉韋
225	蘬	溪	微合	微	丘韋
226	魚	疑	魚	魚	語居
227	初	初	魚	魚	楚居
228	書	書	魚	魚	傷魚
229	居	見	魚	魚	九魚
230	渠	羣	魚	魚	強魚
231	余	以	魚	魚	以諸
232	胥	心	魚	魚	相居
233	疽	清	魚	魚	七余
234	鉏	崇	魚	魚	士魚
235	攄	徹	魚	魚	丑居
236	䟽	生	魚	魚	所葅
237	虚	曉	魚	魚	朽居
238	徐	邪	魚	魚	似魚
239	於	影	魚	魚	央居
240	豬	知	魚	魚	陟魚
241	臚	來	魚	魚	力居
242	諸	章	魚	魚	章魚
243	除	澄	魚	魚	直魚
244	如	日	魚	魚	人諸
245	且	精	魚	魚	子魚
246	虚	溪	魚	魚	去魚
247	菹	莊	魚	魚	側魚
248	蜍	常	魚	魚	署魚
249	袽	孃	魚	魚	女余
250	虞	疑	虞	虞	遇俱
251	芻	初	虞	虞	測隅
252	無	明	虞	虞	武夫
253	于	云	虞	虞	羽俱
254	訏	曉	虞	虞	況于
255	衢	羣	虞	虞	其俱
256	儒	日	虞	虞	人朱
257	須	心	虞	虞	相俞
258	株	知	虞	虞	陟輸
259	貙	徹	虞	虞	敕俱
260	殊	常	虞	虞	市朱
261	逾	以	虞	虞	羊朱
262	區	溪	虞	虞	豈俱
263	朱	章	虞	虞	章俱
264	趨	清	虞	虞	七逾
265	慺	來	虞	虞	力朱
266	扶	並	虞	虞	防無
267	䅳	崇	虞	虞	仕于
268	㑳	莊	虞	虞	莊俱
269	敷	滂	虞	虞	芳無
270	諏	精	虞	虞	子于
271	跗	幫	虞	虞	甫無
272	紆	影	虞	虞	憶俱
273	輸	書	虞	虞	式朱
274	樞	昌	虞	虞	昌朱
275	廚	澄	虞	虞	直誅
276	拘	見	虞	虞	舉朱
277	毹	生	虞	虞	山芻
278	模	明	模	模	莫胡
279	酺	並	模	模	薄胡
280	胡	匣	模	模	戸吳
281	孤	見	模	模	古胡
282	徒	定	模	模	同都
283	奴	泥	模	模	乃都
284	呼	曉	模	模	荒烏
285	吾	疑	模	模	五乎
286	租	精	模	模	則吾
287	盧	來	模	模	落胡
288	蘇	心	模	模	素姑
289	徂	從	模	模	昨胡
290	烏	影	模	模	哀都
291	逋	幫	模	模	博孤
292	枯	溪	模	模	苦胡
293	麤	清	模	模	倉胡
294	㻌	透	模	模	他胡
295	都	端	模	模	當孤
296	𥠵	滂	模	模	普胡
297	齊	從	齊開	齊	徂奚
298	黎	來	齊開	齊	郎奚
299	妻	清	齊開	齊	七稽
300	低	端	齊開	齊	都奚
301	嗁	定	齊開	齊	杜奚
302	豍	幫	齊開	齊	邊兮
303	雞	見	齊開	齊	古奚
304	奚	匣	齊開	齊	胡雞
305	鷖	影	齊開	齊	烏奚
306	倪	疑	齊開	齊	五稽
307	醯	曉	齊開	齊	呼雞
308	西	心	齊開	齊	先稽
309	梯	透	齊開	齊	土雞
310	鼙	並	齊開	齊	部迷
311	磇	滂	齊開	齊	匹迷
312	齎	精	齊開	齊	祖稽
313	迷	明	齊開	齊	莫兮
314	泥	泥	齊開	齊	奴低
315	谿	溪	齊開	齊	苦奚
316	圭	見	齊合	齊	古攜
317	睽	溪	齊合	齊	苦圭
318	攜	匣	齊合	齊	戸圭
319	臡	日	齊開	齊	人兮
320	栘	常	齊開	齊	成臡
321	烓	影	齊合	齊	烏攜
322	睳	曉	齊合	齊	呼攜
323	佳	見	佳開	佳	古膎
324	㥟	匣	佳開	佳	戸佳
325	牌	並	佳開	佳	薄佳
326	媧	見	佳合	佳	古蛙
327	蛙	影	佳合	佳	烏媧
328	咼	溪	佳合	佳	苦緺
329	柴	崇	佳開	佳	士佳
330	釵	初	佳開	佳	楚佳
331	竵	曉	佳合	佳	火媧
332	䍲	孃	佳開	佳	妳佳
333	崖	疑	佳開	佳	五佳
334	娃	影	佳開	佳	於佳
335	崽	生	佳開	佳	山佳
336	㗨	曉	佳開	佳	火佳
337	扠	徹	佳開	佳	丑佳
338	䁲	明	佳開	佳	莫佳
339	鼃	匣	佳合	佳	戸媧
340	皆	見	皆開	皆	古諧
341	𢰇	影	皆開	皆	乙諧
342	諧	匣	皆開	皆	戸皆
343	排	並	皆開	皆	步皆
344	乖	見	皆合	皆	古懷
345	懷	匣	皆合	皆	戸乖
346	匯	溪	皆合	皆	苦淮
347	豺	崇	皆開	皆	士皆
348	差	初	皆開	皆	楚皆
349	虺	曉	皆合	皆	呼懷
350	尵	澄	皆合	皆	柱懷
351	埋	明	皆開	皆	莫皆
352	齋	莊	皆開	皆	側皆
353	崴	影	皆合	皆	乙皆
354	𪘨	知	皆開	皆	卓皆
355	唻	來	皆開	皆	賴諧
356	揩	溪	皆開	皆	口皆
357	摨	孃	皆開	皆	諾皆
358	崽	生	皆開	皆	山皆
359	𩂢	疑	皆開	皆	擬皆
360	搋	徹	皆開	皆	丑皆
361	𢓬	曉	皆開	皆	喜皆
362	䐯	來	皆合	皆	力懷
363	膗	崇	皆合	皆	仕懷
364	灰	曉	灰	灰	呼恢
365	恢	溪	灰	灰	苦回
366	隈	影	灰	灰	烏恢
367	回	匣	灰	灰	戸恢
368	枚	明	灰	灰	莫杯
369	傀	見	灰	灰	公回
370	雷	來	灰	灰	魯回
371	穨	定	灰	灰	杜回
372	崔	清	灰	灰	倉回
373	磓	端	灰	灰	都回
374	𤗯	心	灰	灰	素回
375	摧	從	灰	灰	昨回
376	裴	並	灰	灰	薄回
377	桮	幫	灰	灰	布回
378	肧	滂	灰	灰	芳杯
379	鮠	疑	灰	灰	五灰
380	𨌴	透	灰	灰	他回
381	𢅼	泥	灰	灰	乃回
382	嗺	精	灰	灰	臧回
383	咍	曉	咍	咍	呼來
384	開	溪	咍	咍	苦哀
385	哀	影	咍	咍	烏開
386	臺	定	咍	咍	徒哀
387	該	見	咍	咍	古哀
388	裁	從	咍	咍	昨哉
389	來	來	咍	咍	落哀
390	烖	精	咍	咍	祖才
391	猜	清	咍	咍	倉才
392	𤗏	並	咍	咍	扶來
393	胎	透	咍	咍	土來
394	孩	匣	咍	咍	戸來
395	鰓	心	咍	咍	蘇來
396	皚	疑	咍	咍	五來
397	能	泥	咍	咍	奴來
398	𪒴	端	咍	咍	丁來
399	㹗	昌	咍	咍	昌來
400	𡜊	滂	咍	咍	普才
401	眞	章	眞開	眞	職鄰
402	𤣆	徹	眞開	眞	丑人
403	因	影	眞A	眞A	於眞
404	新	心	眞開	眞	息鄰
405	辰	常	眞開	眞	植鄰
406	仁	日	眞開	眞	如鄰
407	神	船	眞開	眞	食鄰
408	親	清	眞開	眞	七人
409	礥	云	眞開	眞	下珍
410	申	書	眞開	眞	失人
411	賔	幫	眞A	眞A	必鄰
412	㷠	來	眞開	眞	力珍
413	𥎊	羣	眞B開	眞B	巨巾
414	珍	知	眞開	眞	陟鄰
415	陳	澄	眞開	眞	直珍
416	津	精	眞開	眞	將鄰
417	瞋	昌	眞開	眞	昌眞
418	秦	從	眞開	眞	匠鄰
419	寅	以	眞開	眞	翼眞
420	紉	孃	眞開	眞	女鄰
421	繽	滂	眞A	眞A	匹賓
422	頻	並	眞A	眞A	符眞
423	銀	疑	眞B開	眞B	語巾
424	巾	見	眞B開	眞B	居銀
425	麏	見	眞B合	眞B	居筠
426	筠	云	眞合	眞	爲贇
427	囷	溪	眞B合	眞B	去倫
428	珉	明	眞B開	眞B	武巾
429	貧	並	眞B開	眞B	符巾
430	𪔗	影	眞B開	眞B	於巾
431	贇	影	眞B合	眞B	於倫
432	彬	幫	眞B開	眞B	府巾
433	民	明	眞A	眞A	彌鄰
434	諄	章	諄	諄	章倫
435	椿	徹	諄	諄	丑倫
436	䣩	澄	諄	諄	直倫
437	荀	心	諄	諄	相倫
438	純	常	諄	諄	常倫
439	犉	日	諄	諄	如勻
440	脣	船	諄	諄	食倫
441	淪	來	諄	諄	力迍
442	屯	知	諄	諄	陟綸
443	逡	清	諄	諄	七倫
444	遵	精	諄	諄	將倫
445	春	昌	諄	諄	昌脣
446	鷷	從	諄	諄	昨旬
447	勻	以	諄	諄	羊倫
448	旬	邪	諄	諄	詳遵
449	均	見	諄A	諄A	居勻
450	𧼒	羣	眞A	眞A	渠人
451	砏	滂	眞B開	眞B	普巾
452	臻	莊	臻	臻	側詵
453	莘	生	臻	臻	所臻
454	𦿒	崇	臻	臻	士臻
455	文	明	文	文	無分
456	雲	云	文	文	王分
457	煴	影	文	文	於云
458	汾	並	文	文	符分
459	分	幫	文	文	府文
460	羣	羣	文	文	渠云
461	薰	曉	文	文	許云
462	君	見	文	文	舉云
463	芬	滂	文	文	撫文
464	欣	曉	欣	欣	許斤
465	殷	影	欣	欣	於斤
466	勤	羣	欣	欣	巨斤
467	斤	見	欣	欣	舉欣
468	䖐	疑	欣	欣	語斤
469	元	疑	元合	元	愚袁
470	袁	云	元合	元	雨元
471	煩	並	元合	元	附袁
472	飜	滂	元合	元	孚袁
473	暄	曉	元合	元	況袁
474	鴛	影	元合	元	於袁
475	言	疑	元開	元	語軒
476	攑	溪	元開	元	丘言
477	軒	曉	元開	元	虚言
478	𢳚	見	元開	元	居言
479	蔫	影	元開	元	謁言
480	蕃	幫	元合	元	甫煩
481	𥴤	羣	元開	元	巨言
482	樠	明	元合	元	武元
483	䰟	匣	魂	魂	戸昆
484	昆	見	魂	魂	古渾
485	𥁕	影	魂	魂	烏渾
486	門	明	魂	魂	莫奔
487	孫	心	魂	魂	思渾
488	尊	精	魂	魂	祖昆
489	存	從	魂	魂	徂尊
490	敦	端	魂	魂	都昆
491	暾	透	魂	魂	他昆
492	屯	定	魂	魂	徒渾
493	村	清	魂	魂	此尊
494	㑮	疑	魂	魂	牛昆
495	盆	並	魂	魂	蒲奔
496	奔	幫	魂	魂	博昆
497	論	來	魂	魂	盧昆
498	坤	溪	魂	魂	苦昆
499	昏	曉	魂	魂	呼昆
500	濆	滂	魂	魂	普魂
501	黁	泥	魂	魂	奴昆
502	痕	匣	痕	痕	戸恩
503	根	見	痕	痕	古痕
504	恩	影	痕	痕	烏痕
505	吞	透	痕	痕	吐根
506	垠	疑	痕	痕	五根
507	寒	匣	寒	寒	胡安
508	豻	疑	寒	寒	俄寒
509	單	端	寒	寒	都寒
510	安	影	寒	寒	烏寒
511	難	泥	寒	寒	那干
512	餐	清	寒	寒	七安
513	灘	透	寒	寒	他干
514	𦙽	心	寒	寒	蘇干
515	壇	定	寒	寒	徒干
516	殘	從	寒	寒	昨干
517	干	見	寒	寒	古寒
518	蘭	來	寒	寒	落干
519	看	溪	寒	寒	苦寒
520	頇	曉	寒	寒	許干
521	濡	泥	桓	桓	乃官
522	桓	匣	桓	桓	胡官
523	岏	疑	桓	桓	五丸
524	端	端	桓	桓	多官
525	剜	影	桓	桓	一丸
526	湍	透	桓	桓	他端
527	酸	心	桓	桓	素官
528	團	定	桓	桓	度官
529	櫕	從	桓	桓	在丸
530	官	見	桓	桓	古丸
531	鑾	來	桓	桓	落官
532	歡	曉	桓	桓	呼官
533	寬	溪	桓	桓	苦官
534	鑚	精	桓	桓	借官
535	槃	並	桓	桓	薄官
536	瞞	明	桓	桓	母官
537	潘	滂	桓	桓	普官
538	𤳖	幫	桓	桓	北潘
539	刪	生	刪開	刪	所姦
540	關	見	刪合	刪	古還
541	彎	影	刪合	刪	烏關
542	𣠯	生	刪合	刪	數還
543	還	匣	刪合	刪	戸關
544	班	幫	刪開	刪	布還
545	蠻	明	刪開	刪	莫還
546	顏	疑	刪開	刪	五姦
547	姦	見	刪開	刪	古顔
548	攀	滂	刪開	刪	普班
549	奻	孃	刪合	刪	奴還
550	𤸷	疑	刪合	刪	五還
551	馯	溪	刪開	刪	丘姦
552	豻	溪	刪開	刪	可顔
553	跧	莊	刪合	刪	阻頑
554	山	生	山開	山	所閒
555	鰥	見	山合	山	古頑
556	閒	見	山開	山	古閑
557	閑	匣	山開	山	戸閒
558	慳	溪	山開	山	苦閑
559	虥	崇	山開	山	士山
560	羴	曉	山開	山	許閒
561	詽	疑	山開	山	五閑
562	黰	影	山開	山	烏閑
563	斒	幫	山開	山	方閑
564	斕	來	山開	山	力閑
565	嘫	孃	山開	山	女閑
566	㺗	昌	山開	山	充山
567	嬽	影	山合	山	委鰥
568	窀	定	山合	山	墜頑
569	𡰠	來	山合	山	力頑
570	𡰝	羣	山合	山	跪頑
571	譠	知	山開	山	陟山
572	𤣆	澄	山開	山	直閑
573	湲	匣	山合	山	獲頑
574	虥	從	山開	山	昨閑
575	先	心	先開	先	蘇前
576	前	從	先開	先	昨先
577	千	清	先開	先	蒼先
578	箋	精	先開	先	則前
579	天	透	先開	先	他前
580	堅	見	先開	先	古賢
581	賢	匣	先開	先	胡田
582	煙	影	先開	先	烏前
583	蓮	來	先開	先	落賢
584	田	定	先開	先	徒年
585	秊	泥	先開	先	奴顚
586	顚	端	先開	先	都年
587	牽	溪	先開	先	苦堅
588	姸	疑	先開	先	五堅
589	眠	明	先開	先	莫賢
590	蹁	並	先開	先	部田
591	淵	影	先合	先	烏玄
592	涓	見	先合	先	古玄
593	鋗	曉	先合	先	火玄
594	邊	幫	先開	先	布玄
595	玄	匣	先合	先	胡涓
596	祆	曉	先開	先	呼煙
597	𤜼	崇	先合	先	崇玄
598	仙	心	仙開	仙	相然
599	錢	從	仙開	仙	昨仙
600	遷	清	仙開	仙	七然
601	煎	精	仙開	仙	子仙
602	然	日	仙開	仙	如延
603	延	以	仙開	仙	以然
604	𩜾	章	仙開	仙	諸延
605	甄	見	仙A開	仙A	居延
606	邅	知	仙開	仙	張連
607	潺	崇	仙開	仙	士連
608	羶	書	仙開	仙	式連
609	脠	徹	仙開	仙	丑延
610	鋋	常	仙開	仙	市連
611	纏	澄	仙開	仙	直連
612	嘕	曉	仙A開	仙A	許延
613	連	來	仙開	仙	力延
614	篇	滂	仙A開	仙A	芳連
615	便	並	仙A開	仙A	房連
616	緜	明	仙A開	仙A	武延
617	全	從	仙合	仙	疾緣
618	宣	心	仙合	仙	須緣
619	鐫	精	仙合	仙	子泉
620	翾	曉	仙A合	仙A	許緣
621	堧	日	仙合	仙	而緣
622	穿	昌	仙合	仙	昌緣
623	沿	以	仙合	仙	與專
624	旋	邪	仙合	仙	似宣
625	娟	影	仙A合	仙A	於緣
626	船	船	仙合	仙	食川
627	鞭	幫	仙A開	仙A	卑連
628	㳄	邪	仙開	仙	夕連
629	詮	清	仙合	仙	此緣
630	專	章	仙合	仙	職緣
631	遄	常	仙合	仙	市緣
632	貟	云	仙合	仙	王權
633	恮	莊	仙合	仙	莊緣
634	栓	生	仙合	仙	山貟
635	猭	徹	仙合	仙	丑緣
636	乾	羣	仙B開	仙B	渠焉
637	愆	溪	仙B開	仙B	去乾
638	權	羣	仙B合	仙B	巨貟
639	椽	澄	仙合	仙	直攣
640	攣	來	仙合	仙	吕貟
641	弮	溪	仙B合	仙B	丘圓
642	焉	影	仙B開	仙B	於乾
643	漹	云	仙開	仙	有乾
644	嬽	影	仙B合	仙B	於權
645	燀	昌	仙開	仙	尺延
646	𡰝	知	仙合	仙	丁全
647	勬	見	仙B合	仙B	居貟
648	蕭	心	蕭	蕭	蘇彫
649	祧	透	蕭	蕭	吐彫
650	貂	端	蕭	蕭	都聊
651	迢	定	蕭	蕭	徒聊
652	驍	見	蕭	蕭	古堯
653	聊	來	蕭	蕭	落蕭
654	堯	疑	蕭	蕭	五聊
655	膮	曉	蕭	蕭	許幺
656	幺	影	蕭	蕭	於堯
657	鄡	溪	蕭	蕭	苦幺
658	宵	心	宵	宵	相邀
659	超	徹	宵	宵	敕宵
660	朝	知	宵	宵	陟遙
661	𪓙	澄	宵	宵	直遙
662	嚻	曉	宵B	宵B	許嬌
663	樵	從	宵	宵	昨焦
664	驕	見	宵B	宵B	舉喬
665	焦	精	宵	宵	即消
666	饒	日	宵	宵	如招
667	燒	書	宵	宵	式招
668	遙	以	宵	宵	餘昭
669	韶	常	宵	宵	市昭
670	昭	章	宵	宵	止遙
671	飊	幫	宵A	宵A	甫遙
672	鑣	幫	宵B	宵B	甫嬌
673	瓢	並	宵A	宵A	符霄
674	蜱	明	宵A	宵A	彌遙
675	苗	明	宵B	宵B	武瀌
676	要	影	宵A	宵A	於霄
677	鴞	云	宵	宵	于嬌
678	喬	羣	宵B	宵B	巨嬌
679	鍫	清	宵	宵	七遙
680	妖	影	宵B	宵B	於喬
681	蹻	溪	宵A	宵A	去遙
682	怊	昌	宵	宵	尺招
683	爂	滂	宵A	宵A	撫招
684	翹	羣	宵A	宵A	渠遙
685	燎	來	宵	宵	力昭
686	趫	溪	宵B	宵B	起嚻
687	肴	匣	肴	肴	胡茅
688	交	見	肴	肴	古肴
689	巢	崇	肴	肴	鉏交
690	鐃	孃	肴	肴	女交
691	梢	生	肴	肴	所交
692	茅	明	肴	肴	莫交
693	虓	曉	肴	肴	許交
694	包	幫	肴	肴	布交
695	胞	滂	肴	肴	匹交
696	敲	溪	肴	肴	口交
697	聱	疑	肴	肴	五交
698	𦗔	莊	肴	肴	側交
699	嘲	知	肴	肴	陟交
700	䜈	初	肴	肴	楚交
701	庖	並	肴	肴	薄交
702	䫜	影	肴	肴	於交
703	䫸	徹	肴	肴	敕交
704	顟	來	肴	肴	力嘲
705	䄻	澄	肴	肴	直交
706	豪	匣	豪	豪	胡刀
707	髙	見	豪	豪	古勞
708	勞	來	豪	豪	魯刀
709	蒿	曉	豪	豪	呼毛
710	毛	明	豪	豪	莫袍
711	饕	透	豪	豪	土刀
712	刀	端	豪	豪	都牢
713	騷	心	豪	豪	蘇遭
714	袍	並	豪	豪	薄襃
715	襃	幫	豪	豪	博毛
716	陶	定	豪	豪	徒刀
717	糟	精	豪	豪	作曹
718	敖	疑	豪	豪	五勞
719	曹	從	豪	豪	昨勞
720	𤏶	影	豪	豪	於刀
721	猱	泥	豪	豪	奴刀
722	尻	溪	豪	豪	苦刀
723	操	清	豪	豪	七刀
724	㯱	滂	豪	豪	普袍
725	歌	見	歌	歌	古俄
726	蹉	清	歌	歌	七何
727	多	端	歌	歌	得何
728	娑	心	歌	歌	素何
729	駝	定	歌	歌	徒河
730	醝	從	歌	歌	昨何
731	莪	疑	歌	歌	五何
732	佗	透	歌	歌	託何
733	羅	來	歌	歌	魯何
734	那	泥	歌	歌	諾何
735	何	匣	歌	歌	胡歌
736	訶	曉	歌	歌	虎何
737	珂	溪	歌	歌	苦何
738	阿	影	歌	歌	烏何
739	戈	見	戈一合	戈	古禾
740	遳	清	戈一合	戈	七戈
741	𨹄	端	戈一合	戈	丁戈
742	莎	心	戈一合	戈	蘇禾
743	婆	並	戈一合	戈	薄波
744	㸰	定	戈一合	戈	徒和
745	摩	明	戈一合	戈	莫婆
746	矬	從	戈一合	戈	昨禾
747	訛	疑	戈一合	戈	五禾
748	詑	透	戈一合	戈	土禾
749	𩼊	來	戈一合	戈	落戈
750	捼	泥	戈一合	戈	奴禾
751	波	幫	戈一合	戈	博禾
752	頗	滂	戈一合	戈	滂禾
753	和	匣	戈一合	戈	戸戈
754	科	溪	戈一合	戈	苦禾
755	倭	影	戈一合	戈	烏禾
756	鞾	曉	戈三合	戈	許𦚢
757	𦚢	影	戈三合	戈	於靴
758	𩨷	溪	戈三合	戈	去靴
759	伽	羣	戈三開	戈	求迦
760	佉	溪	戈三開	戈	丘伽
761	迦	見	戈三開	戈	居伽
762	脞	清	戈三合	戈	醋伽
763	侳	精	戈三合	戈	子𩨷
764	瘸	羣	戈三合	戈	巨靴
765	𦣛	來	戈三合	戈	縷𩨷
766	麻	明	麻二開	麻	莫霞
767	車	昌	麻三開	麻	尺遮
768	奢	書	麻三開	麻	式車
769	邪	以	麻三開	麻	以遮
770	遮	章	麻三開	麻	正奢
771	嗟	精	麻三開	麻	子邪
772	蛇	船	麻三開	麻	食遮
773	華	匣	麻二合	麻	戸花
774	瓜	見	麻二合	麻	古華
775	華	曉	麻二合	麻	呼瓜
776	誇	溪	麻二合	麻	苦瓜
777	拏	孃	麻二開	麻	女加
778	嘉	見	麻二開	麻	古牙
779	遐	匣	麻二開	麻	胡加
780	葩	滂	麻二開	麻	普巴
781	鴉	影	麻二開	麻	於加
782	巴	幫	麻二開	麻	伯加
783	叉	初	麻二開	麻	初牙
784	鯊	生	麻二開	麻	所加
785	牙	疑	麻二開	麻	五加
786	樝	莊	麻二開	麻	側加
787	𡨀	澄	麻二開	麻	宅加
788	衺	邪	麻三開	麻	似嗟
789	闍	常	麻三開	麻	視遮
790	窊	影	麻二合	麻	烏瓜
791	髽	莊	麻二合	麻	莊華
792	檛	知	麻二合	麻	陟瓜
793	爬	並	麻二開	麻	蒲巴
794	楂	崇	麻二開	麻	鉏加
795	侘	徹	麻二開	麻	敕加
796	奓	知	麻二開	麻	陟加
797	煆	曉	麻二開	麻	許加
798	䶗	溪	麻二開	麻	苦加
799	㚗	從	麻三開	麻	才邪
800	若	日	麻三開	麻	人賒
801	些	心	麻三開	麻	寫邪
802	爹	知	麻三開	麻	陟邪
803	𣢉	疑	麻二合	麻	五瓜
804	𣘟	溪	麻二開	麻	乞加
805	陽	以	陽開	陽	與章
806	詳	邪	陽開	陽	似羊
807	良	來	陽開	陽	吕張
808	香	曉	陽開	陽	許良
809	商	書	陽開	陽	式羊
810	房	並	陽合	陽	符方
811	章	章	陽開	陽	諸良
812	昌	昌	陽開	陽	尺良
813	羌	溪	陽開	陽	去羊
814	薑	見	陽開	陽	居良
815	長	澄	陽開	陽	直良
816	張	知	陽開	陽	陟良
817	穰	日	陽開	陽	汝陽
818	方	幫	陽合	陽	府良
819	襄	心	陽開	陽	息良
820	將	精	陽開	陽	即良
821	創	初	陽開	陽	初良
822	亡	明	陽合	陽	武方
823	孃	孃	陽開	陽	女良
824	牀	崇	陽開	陽	士莊
825	莊	莊	陽開	陽	側羊
826	常	常	陽開	陽	市羊
827	霜	生	陽開	陽	色莊
828	牆	從	陽開	陽	在良
829	鏘	清	陽開	陽	七羊
830	匡	溪	陽合	陽	去王
831	王	云	陽合	陽	雨方
832	央	影	陽開	陽	於良
833	強	羣	陽開	陽	巨良
834	𦳝	徹	陽開	陽	褚羊
835	芳	滂	陽合	陽	敷方
836	狂	羣	陽合	陽	巨王
837	唐	定	唐開	唐	徒郎
838	郎	來	唐開	唐	魯當
839	當	端	唐開	唐	都郎
840	倉	清	唐開	唐	七岡
841	岡	見	唐開	唐	古郎
842	桑	心	唐開	唐	息郎
843	康	溪	唐開	唐	苦岡
844	荒	曉	唐合	唐	呼光
845	黃	匣	唐合	唐	胡光
846	光	見	唐合	唐	古黃
847	湯	透	唐開	唐	吐郎
848	滂	滂	唐開	唐	普郎
849	汪	影	唐合	唐	烏光
850	鴦	影	唐開	唐	烏郎
851	炕	曉	唐開	唐	呼郎
852	航	匣	唐開	唐	胡郎
853	茫	明	唐開	唐	莫郎
854	臧	精	唐開	唐	則郎
855	囊	泥	唐開	唐	奴當
856	傍	並	唐開	唐	步光
857	卬	疑	唐開	唐	五剛
858	藏	從	唐開	唐	昨郎
859	䯑	溪	唐合	唐	苦光
860	幫	幫	唐開	唐	博旁
861	庚	見	庚二開	庚	古行
862	阬	溪	庚二開	庚	客庚
863	盲	明	庚二開	庚	武庚
864	橫	匣	庚二合	庚	戸盲
865	閍	幫	庚二開	庚	甫盲
866	諻	曉	庚二合	庚	虎橫
867	觵	見	庚二合	庚	古橫
868	彭	並	庚二開	庚	薄庚
869	脝	曉	庚二開	庚	許庚
870	瞠	徹	庚二開	庚	丑庚
871	鎗	初	庚二開	庚	楚庚
872	傖	崇	庚二開	庚	助庚
873	霙	影	庚三開	庚	於驚
874	磅	滂	庚二開	庚	撫庚
875	平	並	庚三開	庚	符兵
876	驚	見	庚三開	庚	舉卿
877	明	明	庚三開	庚	武兵
878	棖	澄	庚二開	庚	直庚
879	趟	知	庚二開	庚	竹盲
880	榮	云	庚三合	庚	永兵
881	兵	幫	庚三開	庚	甫明
882	兄	曉	庚三合	庚	許榮
883	卿	溪	庚三開	庚	去京
884	生	生	庚二開	庚	所庚
885	擎	羣	庚三開	庚	渠京
886	迎	疑	庚三開	庚	語京
887	行	匣	庚二開	庚	戸庚
888	鬤	孃	庚二開	庚	乃庚
889	耕	見	耕開	耕	古莖
890	鏗	溪	耕開	耕	口莖
891	甍	明	耕開	耕	莫耕
892	浜	幫	耕開	耕	布耕
893	宏	匣	耕合	耕	戸萌
894	莖	匣	耕開	耕	戸耕
895	朾	知	耕開	耕	中莖
896	甖	影	耕開	耕	烏莖
897	崢	崇	耕開	耕	士耕
898	琤	初	耕開	耕	楚耕
899	儜	孃	耕開	耕	女耕
900	怦	滂	耕開	耕	普耕
901	轟	曉	耕合	耕	呼宏
902	繃	幫	耕開	耕	北萌
903	橙	澄	耕開	耕	宅耕
904	泓	影	耕合	耕	烏宏
905	輣	並	耕開	耕	薄萌
906	娙	疑	耕開	耕	五莖
907	爭	莊	耕開	耕	側莖
908	清	清	清開	清	七情
909	情	從	清開	清	疾盈
910	精	精	清開	清	子盈
911	盈	以	清開	清	以成
912	營	以	清合	清	余傾
913	嬰	影	清A開	清A	於盈
914	貞	知	清開	清	陟盈
915	檉	徹	清開	清	丑貞
916	成	常	清開	清	是征
917	呈	澄	清開	清	直貞
918	聲	書	清開	清	書盈
919	征	章	清開	清	諸盈
920	輕	溪	清A開	清A	去盈
921	名	明	清A開	清A	武并
922	跉	來	清開	清	吕貞
923	并	幫	清A開	清A	府盈
924	傾	溪	清A合	清A	去營
925	𩛿	邪	清開	清	徐盈
926	縈	影	清A合	清A	於營
927	瓊	羣	清A合	清A	渠營
928	騂	心	清合	清	息營
929	頸	羣	清A開	清A	巨成
930	𧵣	曉	清A合	清A	火營
931	靑	清	青開	青	倉經
932	經	見	青開	青	古靈
933	㓝	匣	青開	青	戸經
934	庭	定	青開	青	特丁
935	丁	端	青開	青	當經
936	馨	曉	青開	青	呼刑
937	星	心	青開	青	桑經
938	竮	滂	青開	青	普丁
939	靈	來	青開	青	郎丁
940	寧	泥	青開	青	奴丁
941	汀	透	青開	青	他丁
942	冥	明	青開	青	莫經
943	瓶	並	青開	青	薄經
944	熒	匣	青合	青	戸扃
945	扃	見	青合	青	古螢
946	蒸	章	蒸	蒸	煑仍
947	承	常	蒸	蒸	署陵
948	澂	澄	蒸	蒸	直陵
949	陵	來	蒸	蒸	力膺
950	膺	影	蒸	蒸	於陵
951	凭	並	蒸	蒸	扶冰
952	冫	幫	蒸	蒸	筆陵
953	蠅	以	蒸	蒸	余陵
954	繩	船	蒸	蒸	食陵
955	升	書	蒸	蒸	識蒸
956	仍	日	蒸	蒸	如乗
957	兢	見	蒸	蒸	居陵
958	徵	知	蒸	蒸	陟陵
959	繒	從	蒸	蒸	疾陵
960	凝	疑	蒸	蒸	魚陵
961	興	曉	蒸	蒸	虚陵
962	稱	昌	蒸	蒸	處陵
963	殑	羣	蒸	蒸	其矜
964	㱡	生	蒸	蒸	山矜
965	硱	溪	蒸	蒸	綺兢
966	僜	徹	蒸	蒸	丑升
967	磳	崇	蒸	蒸	仕兢
968	砯	滂	蒸	蒸	披冰
969	登	端	登開	登	都滕
970	楞	來	登開	登	魯登
971	僧	心	登開	登	蘇增
972	崩	幫	登開	登	北滕
973	增	精	登開	登	作滕
974	瞢	明	登開	登	武登
975	層	從	登開	登	昨棱
976	朋	並	登開	登	步崩
977	弘	匣	登合	登	胡肱
978	肱	見	登合	登	古弘
979	薨	曉	登合	登	呼肱
980	能	泥	登開	登	奴登
981	騰	定	登開	登	徒登
982	恒	匣	登開	登	胡登
983	搄	見	登開	登	古恒
984	鼟	透	登開	登	他登
985	漰	滂	登開	登	普朋
986	尤	云	尤	尤	羽求
987	憂	影	尤	尤	於求
988	劉	來	尤	尤	力求
989	秋	清	尤	尤	七由
990	猷	以	尤	尤	以周
991	牛	疑	尤	尤	語求
992	遒	精	尤	尤	即由
993	酋	從	尤	尤	自秋
994	脩	心	尤	尤	息流
995	抽	徹	尤	尤	丑鳩
996	恘	溪	尤	尤	去秋
997	犫	昌	尤	尤	赤周
998	周	章	尤	尤	職流
999	讎	常	尤	尤	市流
1000	柔	日	尤	尤	耳由
1001	收	書	尤	尤	式州
1002	丘	溪	尤	尤	去鳩
1003	䬌	滂	尤	尤	匹尤
1004	鳩	見	尤	尤	居求
1005	不	幫	尤	尤	甫鳩
1006	𢯱	生	尤	尤	所鳩
1007	搊	初	尤	尤	楚鳩
1008	鄒	莊	尤	尤	側鳩
1009	愁	崇	尤	尤	士尤
1010	休	曉	尤	尤	許尤
1011	囚	邪	尤	尤	似由
1012	儔	澄	尤	尤	直由
1013	輈	知	尤	尤	張流
1014	𧚍	羣	尤	尤	巨鳩
1015	浮	並	尤	尤	縛謀
1016	謀	明	尤	尤	莫浮
1017	侯	匣	侯	侯	戸鉤
1018	謳	影	侯	侯	烏侯
1019	羺	泥	侯	侯	奴鉤
1020	樓	來	侯	侯	落侯
1021	涑	心	侯	侯	速侯
1022	彄	溪	侯	侯	恪侯
1023	齁	曉	侯	侯	呼侯
1024	𣠏	精	侯	侯	子侯
1025	偷	透	侯	侯	託侯
1026	頭	定	侯	侯	度侯
1027	齵	疑	侯	侯	五婁
1028	鉤	見	侯	侯	古侯
1029	兜	端	侯	侯	當侯
1030	㔌	從	侯	侯	徂鉤
1031	裒	並	侯	侯	薄侯
1032	䜅	清	侯	侯	千侯
1033	呣	明	侯	侯	亡侯
1034	幽	影	幽	幽	於虯
1035	虯	羣	幽	幽	渠幽
1036	彪	幫	幽	幽	甫烋
1037	鏐	來	幽	幽	力幽
1038	樛	見	幽	幽	居虯
1039	淲	並	幽	幽	皮彪
1040	稵	精	幽	幽	子幽
1041	犙	生	幽	幽	山幽
1042	聱	疑	幽	幽	語虯
1043	飍	曉	幽	幽	香幽
1044	繆	明	幽	幽	武彪
1045	侵	清	侵	侵	七林
1046	尋	邪	侵	侵	徐林
1047	林	來	侵	侵	力尋
1048	琛	徹	侵	侵	丑林
1049	斟	章	侵	侵	職深
1050	沈	澄	侵	侵	直深
1051	碪	知	侵	侵	知林
1052	諶	常	侵	侵	氏任
1053	任	日	侵	侵	如林
1054	深	書	侵	侵	式針
1055	淫	以	侵	侵	餘針
1056	心	心	侵	侵	息林
1057	愔	影	侵A	侵A	挹淫
1058	祲	精	侵	侵	子心
1059	𩷒	從	侵	侵	昨淫
1060	䛘	孃	侵	侵	女心
1061	琴	羣	侵B	侵B	巨金
1062	欽	溪	侵B	侵B	去金
1063	吟	疑	侵B	侵B	魚金
1064	歆	曉	侵B	侵B	許金
1065	金	見	侵B	侵B	居吟
1066	音	影	侵B	侵B	於金
1067	森	生	侵	侵	所今
1068	岑	崇	侵	侵	鋤針
1069	兂	莊	侵	侵	側吟
1070	嵾	初	侵	侵	楚簪
1071	𧡪	昌	侵	侵	充針
1072	覃	定	覃	覃	徒含
1073	參	清	覃	覃	倉含
1074	南	泥	覃	覃	那含
1075	諳	影	覃	覃	烏含
1076	含	匣	覃	覃	胡男
1077	婪	來	覃	覃	盧含
1078	蠶	從	覃	覃	昨含
1079	簪	精	覃	覃	作含
1080	探	透	覃	覃	他含
1081	耽	端	覃	覃	丁含
1082	龕	溪	覃	覃	口含
1083	㟏	曉	覃	覃	火含
1084	毿	心	覃	覃	蘇含
1085	弇	見	覃	覃	古南
1086	䜙	疑	覃	覃	五含
1087	談	定	談	談	徒甘
1088	甘	見	談	談	古三
1089	擔	端	談	談	都甘
1090	三	心	談	談	蘇甘
1091	藍	來	談	談	魯甘
1092	坩	溪	談	談	苦甘
1093	舑	透	談	談	他酣
1094	慙	從	談	談	昨甘
1095	酣	匣	談	談	胡甘
1096	姏	明	談	談	武酣
1097	𩈻	從	談	談	昨三
1098	蚶	曉	談	談	呼談
1099	鹽	以	鹽	鹽	余廉
1100	廉	來	鹽	鹽	力鹽
1101	砭	幫	鹽B	鹽B	府廉
1102	銛	心	鹽	鹽	息廉
1103	籤	清	鹽	鹽	七廉
1104	詹	章	鹽	鹽	職廉
1105	棎	常	鹽	鹽	視占
1106	苫	書	鹽	鹽	失廉
1107	䪜	昌	鹽	鹽	處占
1108	𩓾	日	鹽	鹽	汝鹽
1109	黏	孃	鹽	鹽	女廉
1110	炎	云	鹽	鹽	于廉
1111	霑	知	鹽	鹽	張廉
1112	覘	徹	鹽	鹽	丑廉
1113	淹	影	鹽B	鹽B	央炎
1114	𢜩	溪	鹽B	鹽B	丘廉
1115	𪙊	疑	鹽B	鹽B	語廉
1116	尖	精	鹽	鹽	子廉
1117	潛	從	鹽	鹽	昨鹽
1118	箝	羣	鹽B	鹽B	巨淹
1119	懕	影	鹽A	鹽A	一鹽
1120	燅	邪	鹽	鹽	徐鹽
1121	襳	生	鹽	鹽	史炎
1122	㶣	澄	鹽	鹽	直廉
1123	鍼	羣	鹽A	鹽A	巨鹽
1124	添	透	添	添	他兼
1125	𩬑	端	添	添	丁兼
1126	甜	定	添	添	徒兼
1127	鬑	來	添	添	勒兼
1128	謙	溪	添	添	苦兼
1129	兼	見	添	添	古甜
1130	嫌	匣	添	添	戸兼
1131	鮎	泥	添	添	奴兼
1132	馦	曉	添	添	許兼
1133	咸	匣	咸	咸	胡讒
1134	緘	見	咸	咸	古咸
1135	攕	生	咸	咸	所咸
1136	𤟟	影	咸	咸	乙咸
1137	嵒	疑	咸	咸	五咸
1138	㰹	曉	咸	咸	許咸
1139	詀	知	咸	咸	竹咸
1140	諵	孃	咸	咸	女咸
1141	讒	崇	咸	咸	士咸
1142	鵮	溪	咸	咸	苦咸
1143	銜	匣	銜	銜	戸監
1144	巉	崇	銜	銜	鋤銜
1145	巖	疑	銜	銜	五銜
1146	攙	初	銜	銜	楚銜
1147	衫	生	銜	銜	所銜
1148	監	見	銜	銜	古銜
1149	𨂝	並	銜	銜	白銜
1150	嵌	溪	銜	銜	口銜
1151	嚴	疑	嚴	嚴	語𩏩
1152	𩏩	曉	嚴	嚴	虚嚴
1153	醃	影	嚴	嚴	於嚴
1154	㪁	溪	嚴	嚴	丘嚴
1155	凡	並	凡	凡	符咸
1156	䒦	滂	凡	凡	匹凡
1157	董	端	東一	董	多動
1158	蠓	明	東一	董	莫孔
1159	孔	溪	東一	董	康董
1160	㪌	心	東一	董	先孔
1161	侗	透	東一	董	他孔
1162	緫	精	東一	董	作孔
1163	澒	匣	東一	董	胡孔
1164	蓊	影	東一	董	烏孔
1165	𨑊	泥	東一	董	奴動
1166	琫	幫	東一	董	邊孔
1167	曨	來	東一	董	力董
1168	嗊	曉	東一	董	呼孔
1169	動	定	東一	董	徒揔
1170	菶	並	東一	董	蒲蠓
1171	腫	章	鍾	腫	之隴
1172	寵	徹	鍾	腫	丑隴
1173	隴	來	鍾	腫	力踵
1174	擁	影	鍾	腫	於隴
1175	宂	日	鍾	腫	而隴
1176	重	澄	鍾	腫	直隴
1177	冢	知	鍾	腫	知隴
1178	奉	並	鍾	腫	扶隴
1179	捧	滂	鍾	腫	敷奉
1180	勇	以	鍾	腫	余隴
1181	恐	溪	鍾	腫	丘隴
1182	尰	常	鍾	腫	時宂
1183	拱	見	鍾	腫	居悚
1184	悚	心	鍾	腫	息拱
1185	洶	曉	鍾	腫	許拱
1186	覂	幫	鍾	腫	方勇
1187	湩	端	冬	湩	都𪁪
1188	𪁪	明	冬	湩	莫湩
1189	䅃	羣	鍾	腫	渠隴
1190	𨿿	昌	鍾	腫	充隴
1191	𢃭	章	鍾	腫	職勇
1192	䙕	精	鍾	腫	子冢
1193	講	見	江	講	古項
1194	㭋	並	江	講	步項
1195	慃	影	江	講	烏項
1196	𠈵	明	江	講	武項
1197	項	匣	江	講	胡講
1198	𦂌	幫	江	講	巴講
1199	傋	曉	江	講	虚慃
1200	紙	章	支開	紙	諸氏
1201	是	常	支開	紙	承紙
1202	靡	明	支B開	紙B	文彼
1203	彼	幫	支B開	紙B	甫委
1204	被	並	支B開	紙B	皮彼
1205	毀	曉	支B合	紙B	許委
1206	委	影	支B合	紙B	於詭
1207	跪	溪	支B合	紙B	去委
1208	詭	見	支B合	紙B	過委
1209	髓	心	支合	紙	息委
1210	絫	來	支合	紙	力委
1211	技	羣	支B開	紙B	渠綺
1212	倚	影	支B開	紙B	於綺
1213	掎	見	支B開	紙B	居綺
1214	綺	溪	支B開	紙B	墟彼
1215	螘	疑	支B開	紙B	魚倚
1216	蔿	云	支合	紙	韋委
1217	觜	精	支合	紙	即委
1218	蘂	日	支合	紙	如累
1219	此	清	支開	紙	雌氏
1220	豸	澄	支開	紙	池爾
1221	徙	心	支開	紙	斯氏
1222	酏	以	支開	紙	移爾
1223	邐	來	支開	紙	力紙
1224	躧	生	支開	紙	所綺
1225	𢔌	幫	支A開	紙A	并弭
1226	爾	日	支開	紙	兒氏
1227	渳	明	支A開	紙A	綿婢
1228	婢	並	支A開	紙A	便俾
1229	侈	昌	支開	紙	尺氏
1230	弛	書	支開	紙	施是
1231	紫	精	支開	紙	將此
1232	捶	章	支合	紙	之累
1233	揣	初	支合	紙	初委
1234	𤢍	邪	支合	紙	隨婢
1235	舓	船	支開	紙	神帋
1236	㧗	莊	支開	紙	側氏
1237	㱟	滂	支B開	紙B	匹靡
1238	諀	滂	支A開	紙A	匹婢
1239	䓈	以	支合	紙	羊捶
1240	惢	從	支合	紙	才捶
1241	跬	溪	支A合	紙A	丘弭
1242	狔	孃	支開	紙	女氏
1243	硊	疑	支B合	紙B	魚毀
1244	跪	羣	支B合	紙B	渠委
1245	褫	徹	支開	紙	敕豸
1246	㨖	知	支開	紙	陟侈
1247	𪖪	曉	支B開	紙B	興倚
1248	企	溪	支A開	紙A	丘弭
1249	菙	常	支合	紙	時髓
1250	枳	見	支A開	紙A	居帋
1251	旨	章	脂開	旨	職雉
1252	視	常	脂開	旨	承矢
1253	美	明	脂B開	旨B	無鄙
1254	鄙	幫	脂B開	旨B	方美
1255	兕	邪	脂開	旨	徐姊
1256	几	見	脂B開	旨B	居履
1257	𡛷	精	脂開	旨	將几
1258	匕	幫	脂A開	旨A	卑履
1259	軌	見	脂B合	旨B	居洧
1260	洧	云	脂合	旨	榮美
1261	矢	書	脂開	旨	式視
1262	雉	澄	脂開	旨	直几
1263	死	心	脂開	旨	息姊
1264	牝	並	脂A開	旨A	扶履
1265	履	來	脂開	旨	力几
1266	水	書	脂合	旨	式軌
1267	壘	來	脂合	旨	力軌
1268	揆	羣	脂A合	旨A	求癸
1269	趡	清	脂合	旨	千水
1270	柅	孃	脂開	旨	女履
1271	癸	見	脂A合	旨A	居誄
1272	否	並	脂B開	旨B	符鄙
1273	㠑	從	脂合	旨	徂累
1274	嚭	滂	脂B開	旨B	匹鄙
1275	蕊	日	脂合	旨	如壘
1276	唯	以	脂合	旨	以水
1277	㰻	影	脂B開	旨B	於几
1278	濢	精	脂合	旨	遵誄
1279	黹	知	脂開	旨	豬几
1280	𡳭	徹	脂開	旨	楮几
1281	𧿲	章	脂開	旨	止姊
1282	䁤	曉	脂A合	旨A	火癸
1283	䣀	羣	脂B合	旨B	曁軌
1284	跽	羣	脂B開	旨B	曁几
1285	巋	溪	脂B合	旨B	丘軌
1286	止	章	之	止	諸市
1287	市	常	之	止	時止
1288	徵	知	之	止	陟里
1289	喜	曉	之	止	虚里
1290	紀	見	之	止	居理
1291	以	以	之	止	羊己
1292	似	邪	之	止	詳里
1293	史	生	之	止	踈士
1294	耳	日	之	止	而止
1295	里	來	之	止	良士
1296	枲	心	之	止	胥里
1297	始	書	之	止	詩止
1298	歭	澄	之	止	直里
1299	起	溪	之	止	墟里
1300	士	崇	之	止	鉏里
1301	俟	俟	之	止	牀史
1302	子	精	之	止	即里
1303	矣	云	之	止	于紀
1304	擬	疑	之	止	魚紀
1305	齒	昌	之	止	昌里
1306	恥	徹	之	止	敕里
1307	㓼	初	之	止	初紀
1308	滓	莊	之	止	阻史
1309	譩	影	之	止	於擬
1310	伱	孃	之	止	乃里
1311	尾	明	微合	尾	無匪
1312	扆	影	微開	尾	於豈
1313	豈	溪	微開	尾	袪狶
1314	蟣	見	微開	尾	居狶
1315	斐	滂	微合	尾	敷尾
1316	匪	幫	微合	尾	府尾
1317	韙	云	微合	尾	于鬼
1318	鬼	見	微合	尾	居偉
1319	虺	曉	微合	尾	許偉
1320	顗	疑	微開	尾	魚豈
1321	豨	曉	微開	尾	虚豈
1322	磈	影	微合	尾	於鬼
1323	膹	並	微合	尾	浮鬼
1324	語	疑	魚	語	魚巨
1325	吕	來	魚	語	力舉
1326	佇	澄	魚	語	直吕
1327	與	以	魚	語	余吕
1328	䰞	章	魚	語	章与
1329	汝	日	魚	語	人渚
1330	暑	書	魚	語	舒吕
1331	杵	昌	魚	語	昌與
1332	貯	知	魚	語	丁吕
1333	諝	心	魚	語	私吕
1334	楮	徹	魚	語	丑吕
1335	女	孃	魚	語	尼吕
1336	許	曉	魚	語	虚吕
1337	巨	羣	魚	語	其吕
1338	所	生	魚	語	踈舉
1339	楚	初	魚	語	創舉
1340	阻	莊	魚	語	側吕
1341	齟	崇	魚	語	牀吕
1342	咀	從	魚	語	慈吕
1343	𢮁	影	魚	語	於許
1344	舉	見	魚	語	居許
1345	敘	邪	魚	語	徐吕
1346	去	溪	魚	語	羌舉
1347	紓	船	魚	語	神與
1348	野	常	魚	語	承與
1349	𤿚	清	魚	語	七與
1350	苴	精	魚	語	子與
1351	麌	疑	虞	麌	虞矩
1352	羽	云	虞	麌	王矩
1353	聚	從	虞	麌	慈庾
1354	甫	幫	虞	麌	方矩
1355	武	明	虞	麌	文甫
1356	父	並	虞	麌	扶雨
1357	撫	滂	虞	麌	芳武
1358	柱	澄	虞	麌	直主
1359	詡	曉	虞	麌	況羽
1360	豎	常	虞	麌	臣庾
1361	庾	以	虞	麌	以主
1362	主	章	虞	麌	之庾
1363	傴	影	虞	麌	於武
1364	齲	溪	虞	麌	驅雨
1365	拄	知	虞	麌	知庾
1366	乳	日	虞	麌	而主
1367	窶	羣	虞	麌	其矩
1368	數	生	虞	麌	所矩
1369	矩	見	虞	麌	俱雨
1370	取	清	虞	麌	七庾
1371	縷	來	虞	麌	力主
1372	𦄼	心	虞	麌	相庾
1373	䝒	崇	虞	麌	鶵禹
1374	姥	明	模	姥	莫補
1375	土	透	模	姥	他魯
1376	杜	定	模	姥	徒古
1377	魯	來	模	姥	郎古
1378	蔖	清	模	姥	采古
1379	覩	端	模	姥	當古
1380	古	見	模	姥	公戸
1381	五	疑	模	姥	疑古
1382	簿	並	模	姥	裴古
1383	粗	從	模	姥	徂古
1384	祖	精	模	姥	則古
1385	虎	曉	模	姥	呼古
1386	隖	影	模	姥	安古
1387	苦	溪	模	姥	康杜
1388	怒	泥	模	姥	奴古
1389	戸	匣	模	姥	侯古
1390	普	滂	模	姥	滂古
1391	補	幫	模	姥	博古
1392	薺	從	齊開	薺	徂禮
1393	禮	來	齊開	薺	盧啓
1394	體	透	齊開	薺	他禮
1395	䫌	滂	齊開	薺	匹米
1396	濟	精	齊開	薺	子禮
1397	邸	端	齊開	薺	都禮
1398	弟	定	齊開	薺	徒禮
1399	禰	泥	齊開	薺	奴禮
1400	洗	心	齊開	薺	先禮
1401	泚	清	齊開	薺	千禮
1402	啓	溪	齊開	薺	康禮
1403	徯	匣	齊開	薺	胡禮
1404	米	明	齊開	薺	莫禮
1405	陛	並	齊開	薺	傍禮
1406	𠯋	影	齊開	薺	烏弟
1407	堄	疑	齊開	薺	研啓
1408	㪏	幫	齊開	薺	補米
1409	蟹	匣	佳開	蟹	胡買
1410	買	明	佳開	蟹	莫蟹
1411	䒓	溪	佳開	蟹	苦蟹
1412	廌	澄	佳開	蟹	宅買
1413	嬭	孃	佳開	蟹	奴蟹
1414	罷	並	佳開	蟹	薄蟹
1415	矮	影	佳開	蟹	烏蟹
1416	擺	幫	佳開	蟹	北買
1417	解	見	佳開	蟹	佳買
1418	灑	生	佳開	蟹	所蟹
1419	𦫳	見	佳合	蟹	乖買
1420	㧳	澄	佳合	蟹	丈夥
1421	夥	匣	佳合	蟹	懷𦫳
1422	扮	曉	佳合	蟹	花夥
1423	箉	羣	佳開	蟹	求蟹
1424	駭	匣	皆開	駭	侯楷
1425	楷	溪	皆開	駭	苦駭
1426	騃	疑	皆開	駭	五駭
1427	挨	影	皆開	駭	於駭
1428	賄	曉	灰	賄	呼罪
1429	猥	影	灰	賄	烏賄
1430	磥	來	灰	賄	落猥
1431	錞	定	灰	賄	徒猥
1432	辠	從	灰	賄	徂賄
1433	浼	明	灰	賄	武罪
1434	骽	透	灰	賄	吐猥
1435	瘣	匣	灰	賄	胡罪
1436	䫥	溪	灰	賄	口猥
1437	𦞙	端	灰	賄	都罪
1438	餧	泥	灰	賄	奴罪
1439	𩬳	知	灰	賄	陟賄
1440	頠	疑	灰	賄	五罪
1441	皠	清	灰	賄	七罪
1442	琲	並	灰	賄	蒲罪
1443	嶊	精	灰	賄	子罪
1444	倄	云	灰	賄	于罪
1445	海	曉	咍	海	呼改
1446	愷	溪	咍	海	苦亥
1447	宰	精	咍	海	作亥
1448	駘	定	咍	海	徒亥
1449	乃	泥	咍	海	奴亥
1450	改	見	咍	海	古亥
1451	亥	匣	咍	海	胡改
1452	啡	滂	咍	海	匹愷
1453	采	清	咍	海	倉宰
1454	茝	昌	咍	海	昌紿
1455	等	端	咍	海	多改
1456	䆀	明	咍	海	莫亥
1457	在	從	咍	海	昨宰
1458	俖	滂	咍	海	普乃
1459	欸	影	咍	海	於改
1460	佁	以	咍	海	夷在
1461	㘆	透	咍	海	他亥
1462	疓	日	咍	海	如亥
1463	𨦂	來	咍	海	來改
1464	䑂	以	咍	海	與改
1465	倍	並	咍	海	薄亥
1466	軫	章	眞開	軫	章忍
1467	辴	徹	眞開	軫	丑忍
1468	腎	常	眞開	軫	時忍
1469	忍	日	眞開	軫	而軫
1470	矤	書	眞開	軫	式忍
1471	嶙	來	眞開	軫	良忍
1472	紖	澄	眞開	軫	直引
1473	緊	見	眞A	軫A	居忍
1474	盡	從	眞開	軫	慈忍
1475	㯸	精	眞開	軫	即忍
1476	牝	並	眞A	軫A	毗忍
1477	釿	疑	眞B開	軫B	宜引
1478	笉	清	眞開	軫	七忍
1479	窘	羣	眞B合	軫B	渠殞
1480	引	以	眞開	軫	余忍
1481	愍	明	眞B開	軫B	眉殞
1482	泯	明	眞A	軫A	武盡
1483	殞	云	眞合	軫	于敏
1484	準	章	諄	準	之尹
1485	尹	以	諄	準	余準
1486	筍	心	諄	準	思尹
1487	蝡	日	諄	準	而允
1488	蠢	昌	諄	準	尺尹
1489	盾	船	諄	準	食尹
1490	偆	徹	諄	準	癡準
1491	耣	來	諄	準	力準
1492	𣯍	日	諄	準	而尹
1493	𦃢	溪	諄A	準A	丘尹
1494	螼	溪	眞A	軫A	弃忍
1495	賰	書	諄	準	式允
1496	脪	曉	眞A	軫A	興腎
1497	濜	崇	眞開	軫	鉏紖
1498	屒	知	眞開	軫	珍忍
1499	吻	明	文	吻	武粉
1500	粉	幫	文	吻	方吻
1501	憤	並	文	吻	房吻
1502	忿	滂	文	吻	敷粉
1503	惲	影	文	吻	於粉
1504	齳	疑	文	吻	魚吻
1505	抎	云	文	吻	云粉
1506	𧼐	溪	文	吻	丘粉
1507	隱	影	欣	隱	於謹
1508	謹	見	欣	隱	居隱
1509	𧤛	莊	臻	𧤛	仄謹
1510	赾	溪	欣	隱	丘謹
1511	近	羣	欣	隱	其謹
1512	齔	初	臻	𧤛	初謹
1513	听	疑	欣	隱	牛謹
1514	䘆	曉	欣	隱	休謹
1515	阮	疑	元合	阮	虞遠
1516	遠	云	元合	阮	雲阮
1517	偃	影	元開	阮	於幰
1518	湕	見	元開	阮	居偃
1519	寋	羣	元開	阮	其偃
1520	𧥛	溪	元開	阮	去偃
1521	𧥜	疑	元開	阮	語偃
1522	幰	曉	元開	阮	虚偃
1523	晚	明	元合	阮	無遠
1524	反	幫	元合	阮	府遠
1525	𧯦	羣	元合	阮	求晚
1526	婉	影	元合	阮	於阮
1527	䅚	溪	元合	阮	去阮
1528	暅	曉	元合	阮	况晚
1529	飯	並	元合	阮	扶晚
1530	混	匣	魂	混	胡本
1531	翉	滂	魂	混	普本
1532	忖	清	魂	混	倉本
1533	本	幫	魂	混	布忖
1534	損	心	魂	混	蘇本
1535	𠟃	精	魂	混	兹損
1536	穩	影	魂	混	烏本
1537	囤	定	魂	混	徒損
1538	鱒	從	魂	混	才本
1539	𩩌	見	魂	混	古本
1540	畽	透	魂	混	他衮
1541	閫	溪	魂	混	苦本
1542	㤻	來	魂	混	盧本
1543	獖	並	魂	混	蒲本
1544	懣	明	魂	混	模本
1545	㶧	泥	魂	混	乃本
1546	𦃕	曉	魂	混	虚本
1547	很	匣	痕	很	胡墾
1548	墾	溪	痕	很	康很
1549	䫀	見	痕	很	古很
1550	旱	匣	寒	旱	胡笴
1551	亶	端	寒	旱	多旱
1552	坦	透	寒	旱	他但
1553	散	心	寒	旱	蘇旱
1554	但	定	寒	旱	徒旱
1555	瓉	從	寒	旱	藏旱
1556	笴	見	寒	旱	古旱
1557	嬾	來	寒	旱	落旱
1558	侃	溪	寒	旱	空旱
1559	䍐	曉	寒	旱	呼旱
1560	䰖	精	寒	旱	作旱
1561	緩	匣	桓	緩	胡管
1562	短	端	桓	緩	都管
1563	椀	影	桓	緩	烏管
1564	疃	透	桓	緩	吐緩
1565	算	心	桓	緩	蘇管
1566	管	見	桓	緩	古滿
1567	卵	來	桓	緩	盧管
1568	款	溪	桓	緩	苦管
1569	煗	泥	桓	緩	乃管
1570	纂	精	桓	緩	作管
1571	伴	並	桓	緩	蒲旱
1572	滿	明	桓	緩	莫旱
1573	粄	幫	桓	緩	博管
1574	鄹	邪	桓	緩	辝纂
1575	斷	定	桓	緩	徒管
1576	攤	泥	寒	旱	奴但
1577	坢	滂	桓	緩	普伴
1578	潸	生	刪開	潸	數板
1579	綰	影	刪合	潸	烏板
1580	版	幫	刪開	潸	布綰
1581	䩆	莊	刪開	潸	側板
1582	赧	孃	刪開	潸	奴板
1583	僩	匣	刪開	潸	下赧
1584	睆	匣	刪合	潸	戸板
1585	阪	並	刪開	潸	扶板
1586	矕	明	刪開	潸	武板
1587	𪘪	崇	刪開	潸	士板
1588	𪗙	疑	刪開	潸	五板
1589	㹽	初	刪開	潸	初板
1590	眅	滂	刪開	潸	普板
1591	撰	崇	刪合	潸	雛鯇
1592	産	生	山開	產	所簡
1593	限	匣	山開	產	胡簡
1594	𥇅	明	山開	產	武簡
1595	簡	見	山開	產	古限
1596	剗	初	山開	產	初限
1597	棧	崇	山開	產	士限
1598	眼	疑	山開	產	五限
1599	醆	莊	山開	產	阻限
1600	㦃	初	山合	產	初綰
1601	齦	溪	山開	產	起限
1602	銑	心	先開	銑	蘇典
1603	腆	透	先開	銑	他典
1604	典	端	先開	銑	多殄
1605	蝘	影	先開	銑	於殄
1606	殄	定	先開	銑	徒典
1607	繭	見	先開	銑	古典
1608	峴	匣	先開	銑	胡典
1609	顯	曉	先開	銑	呼典
1610	㨠	明	先開	銑	彌殄
1611	撚	泥	先開	銑	乃殄
1612	編	幫	先開	銑	方典
1613	泫	匣	先合	銑	胡畎
1614	𡿨	見	先合	銑	姑泫
1615	辮	並	先開	銑	薄泫
1616	犬	溪	先合	銑	苦泫
1617	𥧬	溪	先開	銑	牽繭
1618	齞	疑	先開	銑	研峴
1619	獮	心	仙開	獮	息淺
1620	演	以	仙開	獮	以淺
1621	踐	從	仙開	獮	慈演
1622	展	知	仙開	獮	知演
1623	𦗢	章	仙開	獮	旨善
1624	趁	孃	仙開	獮	尼展
1625	淺	清	仙開	獮	七演
1626	闡	昌	仙開	獮	昌善
1627	遣	溪	仙A開	獮A	去演
1628	蹇	見	仙B開	獮B	九輦
1629	善	常	仙開	獮	常演
1630	翦	精	仙開	獮	即淺
1631	蹨	日	仙開	獮	人善
1632	𦆀	邪	仙開	獮	徐翦
1633	輦	來	仙開	獮	力展
1634	齴	疑	仙B開	獮B	魚蹇
1635	件	羣	仙B開	獮B	其輦
1636	辯	並	仙B開	獮B	符蹇
1637	緬	明	仙A開	獮A	彌兖
1638	褊	幫	仙A開	獮A	方緬
1639	臇	精	仙合	獮	子兖
1640	雋	從	仙合	獮	徂兖
1641	辡	幫	仙B開	獮B	方免
1642	兖	以	仙合	獮	以轉
1643	臠	來	仙合	獮	力兖
1644	轉	知	仙合	獮	陟兖
1645	卷	見	仙B合	獮B	居轉
1646	圈	羣	仙B合	獮B	渠篆
1647	輭	日	仙合	獮	而兖
1648	舛	昌	仙合	獮	昌兖
1649	膞	常	仙合	獮	市兖
1650	篆	澄	仙合	獮	持兖
1651	剸	章	仙合	獮	旨兖
1652	選	心	仙合	獮	思兖
1653	撰	崇	仙合	獮	士免
1654	蜎	羣	仙A合	獮A	狂兖
1655	蠉	曉	仙A合	獮A	香兖
1656	楩	並	仙A開	獮A	符善
1657	免	明	仙B開	獮B	亡辨
1658	搌	徹	仙開	獮	丑善
1659	鴘	滂	仙B開	獮B	披免
1660	㒄	書	仙開	獮	式善
1661	㫃	影	仙B開	獮B	於蹇
1662	邅	澄	仙開	獮	除善
1663	棧	崇	仙開	獮	士免
1664	篠	心	蕭	篠	先鳥
1665	皎	見	蕭	篠	古了
1666	鳥	端	蕭	篠	都了
1667	了	來	蕭	篠	盧鳥
1668	朓	透	蕭	篠	土了
1669	䥵	曉	蕭	篠	馨皛
1670	杳	影	蕭	篠	烏皎
1671	嬲	泥	蕭	篠	奴鳥
1672	皛	匣	蕭	篠	胡了
1673	窕	定	蕭	篠	徒了
1674	磽	溪	蕭	篠	苦皎
1675	湫	精	蕭	篠	子了
1676	小	心	宵	小	私兆
1677	肇	澄	宵	小	治小
1678	沼	章	宵	小	之少
1679	夭	影	宵B	小B	於兆
1680	巐	徹	宵	小	丑小
1681	少	書	宵	小	書沼
1682	擾	日	宵	小	而沼
1683	摽	並	宵A	小A	符少
1684	𪍑	昌	宵	小	尺沼
1685	縹	滂	宵A	小A	敷沼
1686	眇	明	宵A	小A	亡沼
1687	紹	常	宵	小	市沼
1688	矯	見	宵B	小B	居夭
1689	表	幫	宵B	小B	陂嬌
1690	褾	幫	宵A	小A	方小
1691	藨	並	宵B	小B	平表
1692	鷕	以	宵	小	以沼
1693	悄	清	宵	小	親小
1694	𠞰	精	宵	小	子小
1695	𨲭	羣	宵B	小B	巨夭
1696	繚	來	宵	小	力小
1697	麃	滂	宵B	小B	滂表
1698	闄	影	宵A	小A	於小
1699	巧	溪	肴	巧	苦絞
1700	澩	匣	肴	巧	下巧
1701	飽	幫	肴	巧	博巧
1702	㺒	孃	肴	巧	奴巧
1703	卯	明	肴	巧	莫飽
1704	絞	見	肴	巧	古巧
1705	爪	莊	肴	巧	側絞
1706	拗	影	肴	巧	於絞
1707	鮑	並	肴	巧	薄巧
1708	齩	疑	肴	巧	五巧
1709	䰫	崇	肴	巧	士絞
1710	煼	初	肴	巧	初爪
1711	䝤	知	肴	巧	張絞
1712	𢾐	生	肴	巧	山巧
1713	晧	匣	豪	晧	胡老
1714	抱	並	豪	晧	薄浩
1715	老	來	豪	晧	盧晧
1716	討	透	豪	晧	他浩
1717	道	定	豪	晧	徒晧
1718	堖	泥	豪	晧	奴晧
1719	㛮	心	豪	晧	蘇老
1720	倒	端	豪	晧	都晧
1721	草	清	豪	晧	采老
1722	早	精	豪	晧	子晧
1723	皁	從	豪	晧	昨早
1724	暠	見	豪	晧	古老
1725	好	曉	豪	晧	呼晧
1726	蓩	明	豪	晧	武道
1727	寶	幫	豪	晧	博抱
1728	襖	影	豪	晧	烏晧
1729	考	溪	豪	晧	苦浩
1730	𦽀	疑	豪	晧	五老
1731	哿	見	歌	哿	古我
1732	瑳	清	歌	哿	千可
1733	嚲	端	歌	哿	丁可
1734	縒	心	歌	哿	蘇可
1735	爹	定	歌	哿	徒可
1736	我	疑	歌	哿	五可
1737	袉	透	歌	哿	吐可
1738	㰁	來	歌	哿	來可
1739	橠	泥	歌	哿	奴可
1740	荷	匣	歌	哿	胡可
1741	㰤	曉	歌	哿	虚我
1742	可	溪	歌	哿	枯我
1743	𨵌	影	歌	哿	烏可
1744	左	精	歌	哿	臧可
1745	果	見	戈一合	果	古火
1746	埵	端	戈一合	果	丁果
1747	鎖	心	戈一合	果	蘇果
1748	墮	定	戈一合	果	徒果
1749	妥	透	戈一合	果	他果
1750	麼	明	戈一合	果	亡果
1751	坐	從	戈一合	果	徂果
1752	㛂	疑	戈一合	果	五果
1753	裸	來	戈一合	果	郎果
1754	婐	影	戈一合	果	烏果
1755	㛂	泥	戈一合	果	奴果
1756	跛	幫	戈一合	果	布火
1757	叵	滂	戈一合	果	普火
1758	禍	匣	戈一合	果	胡果
1759	火	曉	戈一合	果	呼果
1760	顆	溪	戈一合	果	苦果
1761	爸	並	戈一合	果	捕可
1762	脞	清	戈一合	果	倉果
1763	硰	精	戈一合	果	作可
1764	馬	明	麻二開	馬	莫下
1765	者	章	麻三開	馬	章也
1766	野	以	麻三開	馬	羊者
1767	雅	疑	麻二開	馬	五下
1768	檟	見	麻二開	馬	古疋
1769	灑	生	麻二開	馬	砂下
1770	啞	影	麻二開	馬	烏下
1771	灺	邪	麻三開	馬	徐野
1772	下	匣	麻二開	馬	胡雅
1773	寫	心	麻三開	馬	悉姐
1774	𡎬	精	戈三合	果	𩛠瓦
1775	乜	明	麻三開	馬	彌也
1776	且	清	麻三開	馬	七也
1777	㗿	曉	麻二開	馬	許下
1778	社	常	麻三開	馬	常者
1779	跒	溪	麻二開	馬	苦下
1780	跁	並	麻二開	馬	傍下
1781	捨	書	麻三開	馬	書冶
1782	姐	精	麻三開	馬	兹野
1783	把	幫	麻二開	馬	博下
1784	踝	匣	麻二合	馬	胡瓦
1785	寡	見	麻二合	馬	古瓦
1786	瓦	疑	麻二合	馬	五寡
1787	若	日	麻三開	馬	人者
1788	鮓	莊	麻二開	馬	側下
1789	觰	知	麻二開	馬	都賈
1790	槎	崇	麻二開	馬	士下
1791	奲	昌	麻三開	馬	昌者
1792	䋾	知	麻二開	馬	竹下
1793	䋈	孃	麻二開	馬	奴下
1794	髁	溪	麻二合	馬	苦瓦
1795	䂳	初	麻二合	馬	叉瓦
1796	䊬	徹	麻二合	馬	丑寡
1797	葰	生	麻二合	馬	沙瓦
1798	奼	徹	麻二開	馬	丑下
1799	藞	來	麻二開	馬	盧下
1800	養	以	陽開	養	餘兩
1801	像	邪	陽開	養	徐兩
1802	㢡	精	陽開	養	即兩
1803	㒳	來	陽開	養	良㢡
1804	鞅	影	陽開	養	於兩
1805	勥	羣	陽開	養	其兩
1806	仰	疑	陽開	養	魚兩
1807	磢	初	陽開	養	初兩
1808	想	心	陽開	養	息兩
1809	掌	章	陽開	養	諸兩
1810	𤕤	生	陽開	養	踈兩
1811	響	曉	陽開	養	許兩
1812	敞	昌	陽開	養	昌兩
1813	繈	見	陽開	養	居兩
1814	丈	澄	陽開	養	直兩
1815	昶	徹	陽開	養	丑兩
1816	獷	見	陽合	養	居往
1817	壤	日	陽開	養	如兩
1818	賞	書	陽開	養	書兩
1819	髣	滂	陽合	養	妃兩
1820	网	明	陽合	養	文兩
1821	昉	幫	陽合	養	分网
1822	枉	影	陽合	養	紆往
1823	往	云	陽合	養	于兩
1824	怳	曉	陽合	養	許昉
1825	搶	清	陽開	養	七兩
1826	長	知	陽開	養	知丈
1827	上	常	陽開	養	時掌
1828	俇	羣	陽合	養	求往
1829	臩	見	陽合	養	俱往
1830	𩦠	並	陽合	養	毗養
1831	䫪	初	陽開	養	初丈
1832	蕩	定	唐開	蕩	徒朗
1833	顙	心	唐開	蕩	蘇朗
1834	廣	見	唐合	蕩	古晃
1835	榜	幫	唐開	蕩	北朗
1836	駔	精	唐開	蕩	子朗
1837	曩	泥	唐開	蕩	奴朗
1838	沆	匣	唐開	蕩	胡朗
1839	曭	透	唐開	蕩	他朗
1840	莽	明	唐開	蕩	模朗
1841	黨	端	唐開	蕩	多朗
1842	朗	來	唐開	蕩	盧黨
1843	坱	影	唐開	蕩	烏朗
1844	慷	溪	唐開	蕩	苦朗
1845	㳹	影	唐合	蕩	烏晃
1846	晃	匣	唐合	蕩	胡廣
1847	髈	滂	唐開	蕩	匹朗
1848	慌	曉	唐合	蕩	呼晃
1849	䴚	見	唐開	蕩	各朗
1850	䭹	疑	唐開	蕩	五朗
1851	奘	從	唐開	蕩	徂朗
1852	蒼	清	唐開	蕩	麁朗
1853	汻	曉	唐開	蕩	呼朗
1854	懬	溪	唐合	蕩	丘晃
1855	梗	見	庚二開	梗	古杏
1856	丙	幫	庚三開	梗	兵永
1857	警	見	庚三開	梗	居影
1858	影	影	庚三開	梗	於丙
1859	省	生	庚三開	梗	所景
1860	永	云	庚三合	梗	于憬
1861	𦬺	曉	庚三合	梗	許永
1862	皿	明	庚三開	梗	武永
1863	憬	見	庚三合	梗	俱永
1864	杏	匣	庚二開	梗	何梗
1865	猛	明	庚二開	梗	莫幸
1866	礦	見	庚二合	梗	古猛
1867	浜	幫	庚二開	梗	布梗
1868	盯	知	庚二開	梗	張梗
1869	瑒	澄	庚二開	梗	徒杏
1870	䁝	影	庚二合	梗	烏猛
1871	打	端	庚二開	梗	德冷
1872	冷	來	庚二開	梗	魯打
1873	卝	匣	庚二合	梗	乎䁝
1874	鮩	並	庚二開	梗	蒲猛
1875	𥉁	溪	庚二合	梗	苦礦
1876	檸	孃	庚二開	梗	拏梗
1877	耿	見	耕開	耿	古幸
1878	䁅	明	耕開	耿	武幸
1879	幸	匣	耕開	耿	胡耿
1880	𠊧	並	耕開	耿	蒲幸
1881	皏	滂	耕開	耿	普幸
1882	靜	從	清開	靜	疾郢
1883	整	章	清開	靜	之郢
1884	逞	徹	清開	靜	丑郢
1885	郢	以	清開	靜	以整
1886	痙	羣	清A開	靜A	巨郢
1887	潁	以	清合	靜	餘頃
1888	領	來	清開	靜	良郢
1889	頸	見	清A開	靜A	居郢
1890	餅	幫	清A開	靜A	必郢
1891	頃	溪	清A合	靜A	去潁
1892	井	精	清開	靜	子郢
1893	廮	影	清A開	靜A	於郢
1894	請	清	清開	靜	七靜
1895	省	心	清開	靜	息井
1896	眳	明	清A開	靜A	亡井
1897	徎	澄	清開	靜	丈井
1898	迥	匣	青合	迥	戸頂
1899	熲	見	青合	迥	古迥
1900	茗	明	青開	迥	莫迥
1901	頂	端	青開	迥	都挺
1902	挺	定	青開	迥	徒鼎
1903	珽	透	青開	迥	他鼎
1904	汫	從	青開	迥	徂醒
1905	濙	影	青合	迥	烏迥
1906	謦	溪	青開	迥	去挺
1907	𩕳	泥	青開	迥	乃挺
1908	婞	匣	青開	迥	胡頂
1909	醒	心	青開	迥	蘇挺
1910	鞞	幫	青開	迥	補鼎
1911	褧	溪	青合	迥	口迥
1912	剄	見	青開	迥	古挺
1913	頩	滂	青開	迥	匹迥
1914	巊	影	青開	迥	烟涬
1915	笭	來	青開	迥	力鼎
1916	竝	並	青開	迥	蒲迥
1917	詗	曉	青合	迥	火迥
1918	䀴	疑	青開	迥	五剄
1919	拯	章	蒸	拯	
1920	庱	徹	蒸	拯	丑拯
1921	殑	羣	蒸	拯	其拯
1922	㱡	生	蒸	拯	色庱
1923	等	端	登開	等	多肯
1924	倗	滂	登開	等	普等
1925	肯	溪	登開	等	苦等
1926	能	泥	登開	等	奴等
1927	有	云	尤	有	云久
1928	柳	來	尤	有	力久
1929	狃	孃	尤	有	女久
1930	丑	徹	尤	有	敕久
1931	肘	知	尤	有	陟柳
1932	朽	曉	尤	有	許久
1933	久	見	尤	有	舉有
1934	首	書	尤	有	書九
1935	醜	昌	尤	有	昌九
1936	湫	從	尤	有	在九
1937	婦	並	尤	有	房久
1938	缶	幫	尤	有	方久
1939	糗	溪	尤	有	去久
1940	蹂	日	尤	有	人九
1941	舅	羣	尤	有	其九
1942	紂	澄	尤	有	除柳
1943	酉	以	尤	有	與久
1944	受	常	尤	有	殖酉
1945	滫	心	尤	有	息有
1946	䬀	影	尤	有	於柳
1947	酒	精	尤	有	子酉
1948	𣸈	生	尤	有	踈有
1949	帚	章	尤	有	之九
1950	㤱	滂	尤	有	芳否
1951	掫	莊	尤	有	側九
1952	𥣙	崇	尤	有	士九
1953	𩋄	初	尤	有	初九
1954	秠	滂	尤	有	芳婦
1955	厚	匣	侯	厚	胡口
1956	母	明	侯	厚	莫厚
1957	部	並	侯	厚	蒲口
1958	斗	端	侯	厚	當口
1959	𪌘	透	侯	厚	天口
1960	苟	見	侯	厚	古厚
1961	藕	疑	侯	厚	五口
1962	㨐	幫	侯	厚	方垢
1963	㝅	泥	侯	厚	乃后
1964	叜	心	侯	厚	蘇后
1965	吼	曉	侯	厚	呼后
1966	剖	滂	侯	厚	普后
1967	歐	影	侯	厚	烏后
1968	塿	來	侯	厚	郎斗
1969	走	精	侯	厚	子苟
1970	口	溪	侯	厚	苦后
1971	䕆	定	侯	厚	徒口
1972	鯫	崇	侯	厚	仕垢
1973	趣	清	侯	厚	倉苟
1974	黝	影	幽	黝	於糾
1975	糾	見	幽	黝	居黝
1976	蟉	羣	幽	黝	渠黝
1977	寑	清	侵	寑	七稔
1978	朕	澄	侵	寑	直稔
1979	坅	溪	侵A	寑A	丘甚
1980	廩	來	侵	寑	力稔
1981	罧	心	侵	寑	斯甚
1982	踸	徹	侵	寑	丑甚
1983	䤐	精	侵	寑	子朕
1984	荏	日	侵	寑	如甚
1985	枕	章	侵	寑	章荏
1986	沈	書	侵	寑	式任
1987	葚	船	侵	寑	食荏
1988	甚	常	侵	寑	常枕
1989	瀋	昌	侵	寑	昌枕
1990	墋	初	侵	寑	初朕
1991	拰	孃	侵	寑	尼凜
1992	噤	羣	侵B	寑B	渠飲
1993	錦	見	侵B	寑B	居飲
1994	蕈	從	侵	寑	慈荏
1995	僸	疑	侵B	寑B	牛錦
1996	㾕	生	侵	寑	踈錦
1997	稟	幫	侵B	寑B	筆錦
1998	㱃	影	侵B	寑B	於錦
1999	品	滂	侵B	寑B	丕飲
2000	𩖄	溪	侵B	寑B	欽錦
2001	廞	曉	侵B	寑B	許錦
2002	戡	知	侵	寑	張甚
2003	潭	以	侵	寑	以荏
2004	𩒣	崇	侵	寑	士㾕
2005	感	見	覃	感	古禫
2006	禫	定	覃	感	徒感
2007	晻	影	覃	感	烏感
2008	腩	泥	覃	感	奴感
2009	襑	透	覃	感	他感
2010	歜	從	覃	感	徂感
2011	慘	清	覃	感	七感
2012	顉	疑	覃	感	五感
2013	昝	精	覃	感	子感
2014	糂	心	覃	感	桑感
2015	坎	溪	覃	感	苦感
2016	頷	匣	覃	感	胡感
2017	壈	來	覃	感	盧感
2018	黕	端	覃	感	都感
2019	䫲	曉	覃	感	呼唵
2020	敢	見	談	敢	古覽
2021	㶒	書	談	敢	賞敢
2022	覽	來	談	敢	盧敢
2023	𦵹	透	談	敢	吐敢
2024	膽	端	談	敢	都敢
2025	噉	定	談	敢	徒敢
2026	黲	清	談	敢	倉敢
2027	㛧	明	談	敢	謨敢
2028	䭕	精	談	敢	子敢
2029	槧	從	談	敢	才敢
2030	喊	曉	談	敢	呼覽
2031	埯	影	談	敢	烏敢
2032	𠪚	溪	談	敢	口敢
2033	琰	以	鹽	琰	以冉
2034	斂	來	鹽	琰	良冉
2035	險	曉	鹽B	琰B	虚檢
2036	貶	幫	鹽B	琰B	方斂
2037	颭	章	鹽	琰	占琰
2038	𩑳	溪	鹽B	琰B	丘檢
2039	顩	疑	鹽B	琰B	魚檢
2040	儉	羣	鹽B	琰B	巨險
2041	檢	見	鹽B	琰B	居奄
2042	黶	影	鹽A	琰A	於琰
2043	冉	日	鹽	琰	而琰
2044	陝	書	鹽	琰	失冉
2045	諂	徹	鹽	琰	丑琰
2046	奄	影	鹽B	琰B	衣儉
2047	漸	從	鹽	琰	慈染
2048	憸	清	鹽	琰	七漸
2049	𩟗	精	鹽	琰	子冉
2050	脥	溪	鹽A	琰A	謙琰
2051	剡	常	鹽	琰	時染
2052	忝	透	添	忝	他玷
2053	淰	泥	添	忝	乃玷
2054	點	端	添	忝	多忝
2055	簟	定	添	忝	徒玷
2056	嗛	溪	添	忝	苦簟
2057	稴	來	添	忝	力忝
2058	鼸	匣	添	忝	胡忝
2059	憯	清	添	忝	靑忝
2060	孂	見	添	忝	兼玷
2061	𡕢	明	添	忝	明忝
2062	儼	疑	嚴	儼	魚掩
2063	欦	溪	嚴	儼	丘广
2064	埯	影	嚴	儼	於广
2065	豏	匣	咸	豏	下斬
2066	湛	澄	咸	豏	徒減
2067	㦿	溪	咸	豏	苦減
2068	鹼	見	咸	豏	古斬
2069	瀺	崇	咸	豏	士減
2070	臉	來	咸	豏	力減
2071	斬	莊	咸	豏	側減
2072	䑎	初	咸	豏	初減
2073	闞	曉	咸	豏	火斬
2074	摻	生	咸	豏	所斬
2075	黯	影	咸	豏	乙減
2076	喊	曉	咸	豏	呼豏
2077	𦊔	孃	咸	豏	女減
2078	𠐩	徹	咸	豏	丑減
2079	檻	匣	銜	檻	胡黤
2080	䫡	溪	銜	檻	丘檻
2081	㨻	生	銜	檻	山檻
2082	黤	影	銜	檻	於檻
2083	醶	初	銜	檻	初檻
2084	㺖	曉	銜	檻	荒檻
2085	巉	崇	銜	檻	仕檻
2086	范	並	凡	梵	防錽
2087	錽	明	凡	梵	亡范
2088	𦜒	幫	凡	梵	府犯
2089	凵	溪	凡	梵	丘犯
2090	釩	滂	凡	梵	峯犯
2091	𠑆	徹	凡	梵	丑犯
2092	送	心	東一	送	蘇弄
2093	鳳	並	東三	送	馮貢
2094	貢	見	東一	送	古送
2095	弄	來	東一	送	盧貢
2096	涷	端	東一	送	多貢
2097	控	溪	東一	送	苦貢
2098	糉	精	東一	送	作弄
2099	瓮	影	東一	送	烏貢
2100	𧩪	清	東一	送	千弄
2101	洞	定	東一	送	徒弄
2102	痛	透	東一	送	他貢
2103	仲	澄	東三	送	直衆
2104	諷	幫	東三	送	方鳳
2105	焪	溪	東三	送	去仲
2106	㝱	明	東三	送	莫鳳
2107	𧽒	曉	東三	送	香仲
2108	𢄐	明	東一	送	莫弄
2109	趥	清	東三	送	千仲
2110	賵	滂	東三	送	撫鳳
2111	𣀒	從	東一	送	徂送
2112	中	知	東三	送	陟仲
2113	哄	匣	東一	送	胡貢
2114	齈	泥	東一	送	奴凍
2115	衆	章	東三	送	之仲
2116	銃	昌	東三	送	充仲
2117	㓽	崇	東三	送	仕仲
2118	烘	曉	東一	送	呼貢
2119	宋	心	冬	宋	蘇統
2120	綜	精	冬	宋	子宋
2121	統	透	冬	宋	他綜
2122	雺	明	冬	宋	莫綜
2123	䃔	匣	冬	宋	乎宋
2124	用	以	鍾	用	余頌
2125	頌	邪	鍾	用	似用
2126	俸	並	鍾	用	扶用
2127	共	羣	鍾	用	渠用
2128	葑	幫	鍾	用	方用
2129	供	見	鍾	用	居用
2130	雍	影	鍾	用	於用
2131	湩	知	鍾	用	竹用
2132	縱	精	鍾	用	子用
2133	蹱	徹	鍾	用	丑用
2134	䩸	日	鍾	用	而用
2135	種	章	鍾	用	之用
2136	重	澄	鍾	用	柱用
2137	贚	來	鍾	用	良用
2138	恐	溪	鍾	用	區用
2139	從	從	鍾	用	疾用
2140	𢫨	孃	鍾	用	穠用
2141	絳	見	江	絳	古巷
2142	巷	匣	江	絳	胡絳
2143	戇	知	江	絳	陟降
2144	䡴	澄	江	絳	直絳
2145	𥈄	徹	江	絳	丑絳
2146	漴	崇	江	絳	士絳
2147	肨	滂	江	絳	匹絳
2148	䎫	初	江	絳	楚絳
2149	淙	生	江	絳	色絳
2150	寘	章	支開	寘	支義
2151	避	並	支A開	寘A	毗義
2152	惴	章	支合	寘	之睡
2153	詈	來	支開	寘	力智
2154	豉	常	支開	寘	是義
2155	積	精	支開	寘	子智
2156	賜	心	支開	寘	斯義
2157	爲	云	支合	寘	于僞
2158	䞈	見	支B合	寘B	詭僞
2159	帔	滂	支B開	寘B	披義
2160	賁	幫	支B開	寘B	彼義
2161	髲	並	支B開	寘B	平義
2162	累	來	支合	寘	良僞
2163	寄	見	支B開	寘B	居義
2164	臂	幫	支A開	寘A	卑義
2165	芰	羣	支B開	寘B	奇寄
2166	刺	清	支開	寘	七賜
2167	易	以	支開	寘	以豉
2168	議	疑	支B開	寘B	宜寄
2169	譬	滂	支A開	寘A	匹賜
2170	漬	從	支開	寘	疾智
2171	智	知	支開	寘	知義
2172	倚	影	支B開	寘B	於義
2173	縋	澄	支合	寘	馳僞
2174	吹	昌	支合	寘	尺僞
2175	戲	曉	支B開	寘B	香義
2176	企	溪	支A開	寘A	去智
2177	縊	影	支A開	寘A	於賜
2178	翅	書	支開	寘	施智
2179	屣	生	支開	寘	所寄
2180	觖	溪	支A合	寘A	窺瑞
2181	餧	影	支B合	寘B	於僞
2182	僞	疑	支B合	寘B	危睡
2183	毀	曉	支B合	寘B	況僞
2184	恚	影	支A合	寘A	於避
2185	睡	常	支合	寘	是僞
2186	馶	見	支A開	寘A	居企
2187	䄲	日	支合	寘	而瑞
2188	卶	昌	支開	寘	充豉
2189	䅗	心	支合	寘	思累
2190	娷	知	支合	寘	竹恚
2191	瓗	以	支合	寘	以睡
2192	諉	孃	支合	寘	女恚
2193	瞡	見	支A合	寘A	規恚
2194	𧙁	莊	支開	寘	爭義
2195	孈	曉	支A合	寘A	呼恚
2196	㞆	溪	支B開	寘B	卿義
2197	至	章	脂開	至	脂利
2198	位	云	脂合	至	于愧
2199	郿	明	脂B開	至B	明祕
2200	遂	邪	脂合	至	徐醉
2201	醉	精	脂合	至	將遂
2202	邃	心	脂合	至	雖遂
2203	類	來	脂合	至	力遂
2204	祕	幫	脂B開	至B	兵媚
2205	匱	羣	脂B合	至B	求位
2206	濞	滂	脂B開	至B	匹備
2207	備	並	脂B開	至B	平祕
2208	媿	見	脂B合	至B	俱位
2209	帥	生	脂合	至	所類
2210	喟	溪	脂B合	至B	丘愧
2211	豷	曉	脂B合	至B	許位
2212	嗜	常	脂開	至	常利
2213	利	來	脂開	至	力至
2214	膩	孃	脂開	至	女利
2215	屁	滂	脂A開	至A	匹寐
2216	劓	疑	脂B開	至B	魚器
2217	致	知	脂開	至	陟利
2218	棄	溪	脂A開	至A	詰利
2219	緻	澄	脂開	至	直利
2220	寐	明	脂A開	至A	彌二
2221	杘	徹	脂開	至	丑利
2222	冀	見	脂B開	至B	几利
2223	臮	羣	脂B開	至B	具冀
2224	悸	羣	脂A合	至A	其季
2225	翠	清	脂合	至	七醉
2226	二	日	脂開	至	而至
2227	恣	精	脂開	至	資四
2228	次	清	脂開	至	七四
2229	懿	影	脂B開	至B	乙兾
2230	四	心	脂開	至	息利
2231	器	溪	脂B開	至B	去冀
2232	季	見	脂A合	至A	居悸
2233	鼻	並	脂A開	至A	毗至
2234	䁤	曉	脂A合	至A	香季
2235	痹	幫	脂A開	至A	必至
2236	萃	從	脂合	至	秦醉
2237	地	定	脂開	至	徒四
2238	齂	曉	脂B開	至B	虚器
2239	肄	以	脂開	至	羊至
2240	示	船	脂開	至	神至
2241	自	從	脂開	至	疾二
2242	墜	澄	脂合	至	直類
2243	出	昌	脂合	至	尺類
2244	遺	以	脂合	至	以醉
2245	侐	曉	脂A合	至A	火季
2246	轛	知	脂合	至	追萃
2247	痓	昌	脂開	至	充自
2248	屍	書	脂開	至	矢利
2249	㿷	初	脂合	至	楚愧
2250	㽷	書	脂合	至	釋類
2251	志	章	之	志	職吏
2252	值	澄	之	志	直吏
2253	寺	邪	之	志	祥吏
2254	蛓	清	之	志	七吏
2255	笥	心	之	志	相吏
2256	試	書	之	志	式吏
2257	胾	莊	之	志	側吏
2258	吏	來	之	志	力置
2259	字	從	之	志	疾置
2260	眙	徹	之	志	丑吏
2261	餌	日	之	志	仍吏
2262	駛	生	之	志	踈吏
2263	廁	初	之	志	初吏
2264	異	以	之	志	羊吏
2265	置	知	之	志	陟吏
2266	侍	常	之	志	時吏
2267	事	崇	之	志	鉏吏
2268	忌	羣	之	志	渠記
2269	熾	昌	之	志	昌志
2270	意	影	之	志	於記
2271	記	見	之	志	居吏
2272	憙	曉	之	志	許記
2273	䰯	疑	之	志	魚記
2274	亟	溪	之	志	去吏
2275	未	明	微合	未	無沸
2276	貴	見	微合	未	居胃
2277	胃	云	微合	未	于貴
2278	魏	疑	微合	未	魚貴
2279	沸	幫	微合	未	方味
2280	費	滂	微合	未	芳未
2281	𥽂	溪	微合	未	丘畏
2282	尉	影	微合	未	於胃
2283	諱	曉	微合	未	許貴
2284	𥝋	並	微合	未	扶沸
2285	旣	見	微開	未	居豙
2286	毅	疑	微開	未	魚旣
2287	氣	溪	微開	未	去旣
2288	欷	曉	微開	未	許旣
2289	䤒	羣	微開	未	其旣
2290	衣	影	微開	未	於旣
2291	御	疑	魚	御	牛倨
2292	慮	來	魚	御	良倨
2293	據	見	魚	御	居御
2294	覰	清	魚	御	七慮
2295	㰦	溪	魚	御	丘倨
2296	署	常	魚	御	常恕
2297	恕	書	魚	御	商署
2298	著	知	魚	御	陟慮
2299	䬡	章	魚	御	章恕
2300	䟽	生	魚	御	所去
2301	飫	影	魚	御	依倨
2302	箸	澄	魚	御	遟倨
2303	遽	羣	魚	御	其據
2304	絮	心	魚	御	息據
2305	助	崇	魚	御	牀據
2306	怚	精	魚	御	將預
2307	詛	莊	魚	御	莊助
2308	洳	日	魚	御	人恕
2309	豫	以	魚	御	羊洳
2310	噓	曉	魚	御	許御
2311	女	孃	魚	御	尼據
2312	楚	初	魚	御	瘡據
2313	處	昌	魚	御	昌據
2314	絮	徹	魚	御	抽據
2315	𡲁	邪	魚	御	徐預
2316	遇	疑	虞	遇	牛具
2317	嫗	影	虞	遇	衣遇
2318	樹	常	虞	遇	常句
2319	住	澄	虞	遇	持遇
2320	附	並	虞	遇	符遇
2321	注	章	虞	遇	之戍
2322	屨	見	虞	遇	九遇
2323	昫	曉	虞	遇	香句
2324	戍	書	虞	遇	傷遇
2325	裕	以	虞	遇	羊戍
2326	孺	日	虞	遇	而遇
2327	赴	滂	虞	遇	芳遇
2328	務	明	虞	遇	亡遇
2329	緅	精	虞	遇	子句
2330	懼	羣	虞	遇	其遇
2331	芋	云	虞	遇	王遇
2332	埾	從	虞	遇	才句
2333	捒	生	虞	遇	色句
2334	付	幫	虞	遇	方遇
2335	娶	清	虞	遇	七句
2336	註	知	虞	遇	中句
2337	驅	溪	虞	遇	區遇
2338	菆	初	虞	遇	芻注
2339	𨳳	徹	虞	遇	丑注
2340	尠	心	虞	遇	思句
2341	屢	來	虞	遇	良遇
2342	暮	明	模	暮	莫故
2343	渡	定	模	暮	徒故
2344	路	來	模	暮	洛故
2345	妒	端	模	暮	當故
2346	菟	透	模	暮	湯故
2347	顧	見	模	暮	古暮
2348	誤	疑	模	暮	五故
2349	護	匣	模	暮	胡誤
2350	訴	心	模	暮	桑故
2351	祚	從	模	暮	昨誤
2352	笯	泥	模	暮	乃故
2353	布	幫	模	暮	博故
2354	汙	影	模	暮	烏路
2355	怖	滂	模	暮	普故
2356	厝	清	模	暮	倉故
2357	絝	溪	模	暮	苦故
2358	捕	並	模	暮	薄故
2359	謼	曉	模	暮	荒故
2360	作	精	模	暮	臧祚
2361	霽	精	齊開	霽	子計
2362	帝	端	齊開	霽	都計
2363	嚌	從	齊開	霽	在詣
2364	替	透	齊開	霽	他計
2365	第	定	齊開	霽	特計
2366	砌	清	齊開	霽	七計
2367	細	心	齊開	霽	蘇計
2368	詣	疑	齊開	霽	五計
2369	計	見	齊開	霽	古詣
2370	蒵	匣	齊開	霽	胡計
2371	契	溪	齊開	霽	苦計
2372	翳	影	齊開	霽	於計
2373	謎	明	齊開	霽	莫計
2374	閉	幫	齊開	霽	博計
2375	慧	匣	齊合	霽	胡桂
2376	桂	見	齊合	霽	古惠
2377	嘒	曉	齊合	霽	呼惠
2378	媲	滂	齊開	霽	匹詣
2379	薜	並	齊開	霽	蒲計
2380	麗	來	齊開	霽	郎計
2381	𥱻	徹	齊開	霽	丑戾
2382	泥	泥	齊開	霽	奴計
2383	㰥	曉	齊開	霽	呼計
2384	祭	精	祭開	祭	子例
2385	歲	心	祭合	祭	相銳
2386	衞	云	祭合	祭	于歲
2387	芮	日	祭合	祭	而銳
2388	贅	章	祭合	祭	之芮
2389	𠻜	生	祭合	祭	山芮
2390	毳	清	祭合	祭	此芮
2391	銳	以	祭合	祭	以芮
2392	綴	知	祭合	祭	陟衞
2393	稅	書	祭合	祭	舒芮
2394	𡚁	並	祭A開	祭A	毗祭
2395	㯔	初	祭合	祭	楚稅
2396	篲	邪	祭合	祭	祥歲
2397	蔽	幫	祭A開	祭A	必袂
2398	劌	見	祭B合	祭B	居衞
2399	袂	明	祭A開	祭A	彌𡚁
2400	㡜	生	祭開	祭	所例
2401	掣	昌	祭開	祭	尺制
2402	制	章	祭開	祭	征例
2403	逝	常	祭開	祭	時制
2404	曵	以	祭開	祭	餘制
2405	䋵	影	祭B開	祭B	於罽
2406	藝	疑	祭A開	祭A	魚祭
2407	滯	澄	祭開	祭	直例
2408	例	來	祭開	祭	力制
2409	憩	溪	祭B開	祭B	去例
2410	丗	書	祭開	祭	舒制
2411	猘	見	祭B開	祭B	居例
2412	㿃	知	祭開	祭	竹例
2413	偈	羣	祭B開	祭B	其憩
2414	啜	常	祭合	祭	甞芮
2415	跇	徹	祭開	祭	丑例
2416	𨮱	澄	祭合	祭	除芮
2417	㓷	疑	祭B開	祭B	牛例
2418	蕝	精	祭合	祭	子芮
2419	潎	滂	祭A開	祭A	匹蔽
2420	𥏙	溪	廢合	廢	丘吠
2421	䂕	曉	廢合	廢	呼吠
2422	泰	透	泰開	泰	他蓋
2423	蓋	見	泰開	泰	古太
2424	艾	疑	泰開	泰	五蓋
2425	藹	影	泰開	泰	於蓋
2426	柰	泥	泰開	泰	奴帶
2427	大	定	泰開	泰	徒蓋
2428	害	匣	泰開	泰	胡蓋
2429	帶	端	泰開	泰	當蓋
2430	貝	幫	泰開	泰	博蓋
2431	霈	滂	泰開	泰	普蓋
2432	會	匣	泰合	泰	黃外
2433	兊	定	泰合	泰	杜外
2434	儈	見	泰合	泰	古外
2435	最	精	泰合	泰	祖外
2436	𧬨	曉	泰合	泰	呼會
2437	𥢶	溪	泰合	泰	苦會
2438	酹	來	泰合	泰	郎外
2439	外	疑	泰合	泰	五會
2440	祋	端	泰合	泰	丁外
2441	懀	影	泰合	泰	烏外
2442	蕞	從	泰合	泰	才外
2443	𥕸	心	泰合	泰	先外
2444	襊	清	泰合	泰	麤最
2445	旆	並	泰開	泰	蒲蓋
2446	磕	溪	泰開	泰	苦蓋
2447	蔡	清	泰開	泰	倉大
2448	賴	來	泰開	泰	落蓋
2449	餀	曉	泰開	泰	呼艾
2450	娧	透	泰合	泰	他外
2451	眛	明	泰開	泰	莫貝
2452	𦦣	清	泰合	泰	七外
2453	卦	見	佳合	卦	古賣
2454	懈	見	佳開	卦	古隘
2455	隘	影	佳開	卦	烏懈
2456	邂	匣	佳開	卦	胡懈
2457	賣	明	佳開	卦	莫懈
2458	畫	匣	佳合	卦	胡卦
2459	差	初	佳開	卦	楚懈
2460	睚	疑	佳開	卦	五懈
2461	謑	曉	佳開	卦	火懈
2462	庍	幫	佳開	卦	方卦
2463	粺	並	佳開	卦	傍卦
2464	㾹	崇	佳開	卦	士懈
2465	派	滂	佳開	卦	匹卦
2466	債	莊	佳開	卦	側賣
2467	𡢖	溪	佳開	卦	苦賣
2468	曬	生	佳開	卦	所賣
2469	諣	曉	佳合	卦	呼卦
2470	㠔	幫	佳開	卦	方賣
2471	膪	知	佳合	卦	竹賣
2472	怪	見	皆合	怪	古壞
2473	噫	影	皆開	怪	烏界
2474	瘵	莊	皆開	怪	側界
2475	誡	見	皆開	怪	古拜
2476	褹	孃	皆開	怪	女介
2477	譮	曉	皆開	怪	許介
2478	械	匣	皆開	怪	胡介
2479	𦗐	疑	皆開	怪	五介
2480	蒯	溪	皆合	怪	苦怪
2481	𢷎	幫	皆開	怪	博怪
2482	湃	滂	皆開	怪	普拜
2483	壞	匣	皆合	怪	胡怪
2484	聵	疑	皆合	怪	五怪
2485	𢟡	並	皆開	怪	蒲拜
2486	䀛	明	皆開	怪	莫拜
2487	𧱳	曉	皆合	怪	火怪
2488	鎩	生	皆開	怪	所拜
2489	烗	溪	皆開	怪	苦戒
2490	顡	徹	皆合	怪	他怪
2491	夬	見	夬合	夬	古賣
2492	快	溪	夬合	夬	苦夬
2493	邁	明	夬開	夬	莫話
2494	話	匣	夬合	夬	下快
2495	敗	並	夬開	夬	薄邁
2496	䵳	影	夬合	夬	烏快
2497	嘬	初	夬合	夬	楚夬
2498	犗	見	夬開	夬	古喝
2499	蠆	徹	夬開	夬	丑犗
2500	喝	影	夬開	夬	於犗
2501	𠱡	生	夬開	夬	所犗
2502	𦤧	澄	夬開	夬	除邁
2503	䜕	曉	夬開	夬	火犗
2504	咶	曉	夬合	夬	火夬
2505	敗	幫	夬開	夬	補邁
2506	啐	清	夬合	夬	倉夬
2507	寨	崇	夬開	夬	犲夬
2508	㕢	匣	夬開	夬	何犗
2509	隊	定	灰	隊	徒對
2510	佩	並	灰	隊	蒲昧
2511	妹	明	灰	隊	莫佩
2512	配	滂	灰	隊	滂佩
2513	誨	曉	灰	隊	荒内
2514	對	端	灰	隊	都隊
2515	倅	清	灰	隊	七内
2516	晬	精	灰	隊	子對
2517	𩲄	影	灰	隊	烏繢
2518	退	透	灰	隊	他内
2519	憒	見	灰	隊	古對
2520	潰	匣	灰	隊	胡對
2521	塊	溪	灰	隊	苦對
2522	碎	心	灰	隊	蘇内
2523	内	泥	灰	隊	奴對
2524	纇	來	灰	隊	盧對
2525	背	幫	灰	隊	補妹
2526	磑	疑	灰	隊	五對
2527	蚚	匣	灰	隊	胡輩
2528	代	定	咍	代	徒耐
2529	載	精	咍	代	作代
2530	䆀	明	咍	代	莫代
2531	賽	心	咍	代	先代
2532	貸	透	咍	代	他代
2533	漑	見	咍	代	古代
2534	慨	溪	咍	代	苦蓋
2535	礙	疑	咍	代	五漑
2536	愛	影	咍	代	烏代
2537	瀣	匣	咍	代	胡槩
2538	耐	泥	咍	代	奴代
2539	戴	端	咍	代	都代
2540	賚	來	咍	代	洛代
2541	菜	清	咍	代	倉代
2542	載	從	咍	代	昨代
2543	儗	曉	咍	代	海愛
2544	廢	幫	廢合	廢	方肺
2545	肺	滂	廢合	廢	方廢
2546	穢	影	廢合	廢	於廢
2547	吠	並	廢合	廢	符廢
2548	喙	曉	廢合	廢	許穢
2549	𤜂	羣	廢合	廢	渠穢
2550	刈	疑	廢開	廢	魚肺
2551	震	章	眞開	震	章刃
2552	信	心	眞開	震	息晉
2553	刃	日	眞開	震	而振
2554	𦙍	以	眞開	震	羊晉
2555	遴	來	眞開	震	良刃
2556	儐	幫	眞A	震A	必刃
2557	敶	澄	眞開	震	直刃
2558	愼	常	眞開	震	時刃
2559	眒	書	眞開	震	試刃
2560	菣	溪	眞B開	震B	去刃
2561	賮	邪	眞開	震	徐刃
2562	憗	疑	眞B開	震B	魚覲
2563	晉	精	眞開	震	即刃
2564	衅	曉	眞B開	震B	許覲
2565	鎭	知	眞開	震	陟刃
2566	僅	羣	眞B開	震B	渠遴
2567	櫬	初	臻	櫬	初覲
2568	印	影	眞A	震A	於刃
2569	疢	徹	眞開	震	丑刃
2570	𣎵	滂	眞A	震A	匹刃
2571	親	清	眞開	震	七遴
2572	螼	溪	眞A	震A	羌印
2573	呁	見	諄A	稕A	九峻
2574	稕	章	諄	稕	之閏
2575	𡺲	心	諄	稕	私閏
2576	殉	邪	諄	稕	辭閏
2577	儁	精	諄	稕	子峻
2578	舜	書	諄	稕	舒閏
2579	閠	日	諄	稕	如順
2580	順	船	諄	稕	食閏
2581	問	明	文	問	亡運
2582	運	云	文	問	王問
2583	訓	曉	文	問	許運
2584	湓	滂	文	問	匹問
2585	糞	幫	文	問	方問
2586	醖	影	文	問	於問
2587	攈	見	文	問	居運
2588	郡	羣	文	問	渠運
2589	分	並	文	問	扶問
2590	焮	曉	欣	焮	香靳
2591	靳	見	欣	焮	居焮
2592	近	羣	欣	焮	巨靳
2593	㒚	影	欣	焮	於靳
2594	垽	疑	欣	焮	吾靳
2595	願	疑	元合	願	魚怨
2596	怨	影	元合	願	於願
2597	販	幫	元合	願	方願
2598	劵	溪	元合	願	去願
2599	万	明	元合	願	無販
2600	飯	並	元合	願	符万
2601	嬔	滂	元合	願	芳万
2602	建	見	元開	願	居万
2603	堰	影	元開	願	於建
2604	獻	曉	元開	願	許建
2605	楥	曉	元合	願	虚願
2606	健	羣	元開	願	渠建
2607	𣀔	滂	元合	願	芳万
2608	遠	云	元合	願	于願
2609	𤬝	疑	元開	願	語堰
2610	圈	羣	元合	願	臼万
2611	㪻	見	元合	願	居願
2612	慁	匣	魂	慁	胡困
2613	頓	端	魂	慁	都困
2614	巽	心	魂	慁	蘇困
2615	困	溪	魂	慁	苦悶
2616	嫩	泥	魂	慁	奴困
2617	揾	影	魂	慁	烏困
2618	悶	明	魂	慁	莫困
2619	鐏	從	魂	慁	徂悶
2620	睔	見	魂	慁	古困
2621	噴	滂	魂	慁	普悶
2622	鈍	定	魂	慁	徒困
2623	寸	清	魂	慁	倉困
2624	坌	並	魂	慁	蒲悶
2625	顐	疑	魂	慁	五困
2626	論	來	魂	慁	盧困
2627	奔	幫	魂	慁	甫悶
2628	惛	曉	魂	慁	呼悶
2629	焌	精	魂	慁	子寸
2630	恨	匣	痕	恨	胡艮
2631	艮	見	痕	恨	古恨
2632	䭓	疑	痕	恨	五恨
2633	䭡	影	痕	恨	烏恨
2634	翰	匣	寒	翰	侯旰
2635	炭	透	寒	翰	他旦
2636	按	影	寒	翰	烏旰
2637	旦	端	寒	翰	得按
2638	憚	定	寒	翰	徒案
2639	旰	見	寒	翰	古案
2640	岸	疑	寒	翰	五旰
2641	侃	溪	寒	翰	苦旰
2642	漢	曉	寒	翰	呼旰
2643	爛	來	寒	翰	郎旰
2644	攤	泥	寒	翰	奴案
2645	粲	清	寒	翰	蒼案
2646	𦇕	心	寒	翰	蘇旰
2647	賛	精	寒	翰	則旰
2648	㜺	從	寒	翰	徂賛
2649	換	匣	桓	換	胡玩
2650	䂎	精	桓	換	子筭
2651	惋	影	桓	換	烏貫
2652	貫	見	桓	換	古玩
2653	竄	清	桓	換	七亂
2654	玩	疑	桓	換	五換
2655	段	定	桓	換	徒玩
2656	亂	來	桓	換	郎段
2657	鍛	端	桓	換	丁貫
2658	彖	透	桓	換	通貫
2659	喚	曉	桓	換	火貫
2660	筭	心	桓	換	蘇貫
2661	縵	明	桓	換	莫半
2662	半	幫	桓	換	博慢
2663	判	滂	桓	換	普半
2664	叛	並	桓	換	薄半
2665	偄	泥	桓	換	奴亂
2666	攅	從	桓	換	在玩
2667	䥗	溪	桓	換	口喚
2668	諫	見	刪開	諫	古晏
2669	鴈	疑	刪開	諫	五晏
2670	晏	影	刪開	諫	烏澗
2671	訕	生	刪開	諫	所晏
2672	骭	匣	刪開	諫	下晏
2673	慢	明	刪開	諫	謨晏
2674	綰	影	刪合	諫	烏患
2675	患	匣	刪合	諫	胡慣
2676	慣	見	刪合	諫	古患
2677	㝈	生	刪合	諫	生患
2678	篡	初	刪合	諫	初患
2679	薍	疑	刪合	諫	五患
2680	輚	崇	刪開	諫	士諫
2681	襻	滂	刪開	諫	普患
2682	奻	孃	刪合	諫	女患
2683	羼	初	刪開	諫	初鴈
2684	㬄	徹	刪開	諫	丑晏
2685	襇	見	山開	襇	古莧
2686	莧	匣	山開	襇	侯襇
2687	瓣	並	山開	襇	蒲莧
2688	盼	滂	山開	襇	匹莧
2689	幻	匣	山合	襇	胡辨
2690	蔄	明	山開	襇	亡莧
2691	袒	澄	山開	襇	丈莧
2692	扮	幫	山開	襇	晡幻
2693	鰥	見	山合	襇	古幻
2694	霰	心	先開	霰	蘇佃
2695	蒨	清	先開	霰	倉甸
2696	絢	曉	先合	霰	許縣
2697	縣	匣	先合	霰	黃練
2698	睊	見	先合	霰	古縣
2699	電	定	先開	霰	堂練
2700	瑱	透	先開	霰	他甸
2701	練	來	先開	霰	郎甸
2702	見	見	先開	霰	古電
2703	晛	泥	先開	霰	奴甸
2704	俔	溪	先開	霰	苦甸
2705	見	匣	先開	霰	胡甸
2706	硯	疑	先開	霰	吾甸
2707	宴	影	先開	霰	於甸
2708	薦	精	先開	霰	作甸
2709	麫	明	先開	霰	莫甸
2710	片	滂	先開	霰	普麵
2711	荐	從	先開	霰	在甸
2712	䬼	影	先合	霰	烏縣
2713	殿	端	先開	霰	都甸
2714	𩎌	曉	先開	霰	呼甸
2715	線	心	仙開	線	私箭
2716	戰	章	仙開	線	之膳
2717	繕	常	仙開	線	時戰
2718	彥	疑	仙B開	線B	魚變
2719	譴	溪	仙A開	線A	去戰
2720	絹	見	仙A合	線A	吉掾
2721	瑗	云	仙合	線	王眷
2722	面	明	仙A開	線A	彌箭
2723	釧	昌	仙合	線	尺絹
2724	掾	以	仙合	線	以絹
2725	𩥇	知	仙開	線	陟扇
2726	𤲬	日	仙合	線	人絹
2727	箭	精	仙開	線	子賤
2728	硟	昌	仙開	線	昌戰
2729	扇	書	仙開	線	式戰
2730	躽	影	仙A開	線A	於扇
2731	眷	見	仙B合	線B	居倦
2732	倦	羣	仙B合	線B	渠卷
2733	戀	來	仙合	線	力卷
2734	猭	徹	仙合	線	丑戀
2735	變	幫	仙B開	線B	彼眷
2736	𨏉	生	仙合	線	所眷
2737	縓	清	仙合	線	七絹
2738	卞	並	仙B開	線B	皮變
2739	㳬	邪	仙合	線	辝戀
2740	選	心	仙合	線	息絹
2741	籑	崇	仙合	線	士戀
2742	孨	莊	仙合	線	莊眷
2743	傳	澄	仙合	線	直戀
2744	賤	從	仙開	線	才線
2745	羨	邪	仙開	線	似面
2746	騗	滂	仙A開	線A	匹戰
2747	𢮨	常	仙合	線	時釧
2748	輾	孃	仙開	線	女箭
2749	囀	知	仙合	線	知戀
2750	衍	以	仙開	線	于線
2751	便	並	仙A開	線A	婢面
2752	邅	澄	仙開	線	持碾
2753	𤹨	來	仙開	線	連彦
2754	𥛁	溪	仙B合	線B	區倦
2755	剸	章	仙合	線	之囀
2756	徧	幫	先開	霰	方見
2757	嘯	心	蕭	嘯	蘇弔
2758	糶	透	蕭	嘯	他弔
2759	弔	端	蕭	嘯	多嘯
2760	叫	見	蕭	嘯	古弔
2761	尿	泥	蕭	嘯	奴弔
2762	藋	定	蕭	嘯	徒弔
2763	竅	溪	蕭	嘯	苦弔
2764	𩕐	來	蕭	嘯	力弔
2765	顤	疑	蕭	嘯	五弔
2766	窔	影	蕭	嘯	烏叫
2767	𢿿	曉	蕭	嘯	火弔
2768	𥬇	心	宵	笑	私妙
2769	照	章	宵	笑	之少
2770	燿	以	宵	笑	弋照
2771	要	影	宵A	笑A	於𥬇
2772	召	澄	宵	笑	直照
2773	邵	常	宵	笑	寔照
2774	嶠	羣	宵B	笑B	渠廟
2775	剽	滂	宵A	笑A	匹妙
2776	噍	從	宵	笑	才𥬇
2777	妙	明	宵A	笑A	彌𥬇
2778	陗	清	宵	笑	七肖
2779	𤊽	來	宵	笑	力照
2780	趬	溪	宵B	笑B	丘召
2781	𧇠	疑	宵B	笑B	牛召
2782	醮	精	宵	笑	子肖
2783	廟	明	宵B	笑B	眉召
2784	驃	並	宵A	笑A	毗召
2785	少	書	宵	笑	失照
2786	朓	徹	宵	笑	丑召
2787	裱	幫	宵B	笑B	方廟
2788	翹	羣	宵A	笑A	巨要
2789	饒	日	宵	笑	人要
2790	效	匣	肴	效	胡敎
2791	敎	見	肴	效	古孝
2792	孝	曉	肴	效	呼敎
2793	罩	知	肴	效	都敎
2794	豹	幫	肴	效	北敎
2795	敲	溪	肴	效	苦敎
2796	皃	明	肴	效	莫敎
2797	奅	滂	肴	效	匹皃
2798	趠	徹	肴	效	丑敎
2799	稍	生	肴	效	所敎
2800	棹	澄	肴	效	直敎
2801	橈	孃	肴	效	奴敎
2802	抓	莊	肴	效	側敎
2803	靤	並	肴	效	防敎
2804	抄	初	肴	效	初敎
2805	靿	影	肴	效	於敎
2806	樂	疑	肴	效	五敎
2807	巢	崇	肴	效	士稍
2808	号	匣	豪	号	胡到
2809	導	定	豪	号	徒到
2810	到	端	豪	号	都導
2811	誥	見	豪	号	古到
2812	傲	疑	豪	号	五到
2813	冃	明	豪	号	莫報
2814	嫪	來	豪	号	郎到
2815	操	清	豪	号	七到
2816	暴	並	豪	号	薄報
2817	報	幫	豪	号	博耗
2818	漕	從	豪	号	在到
2819	奥	影	豪	号	烏到
2820	喿	心	豪	号	蘇到
2821	𩝝	溪	豪	号	苦到
2822	竈	精	豪	号	則到
2823	秏	曉	豪	号	呼到
2824	腝	泥	豪	号	那到
2825	箇	見	歌	箇	古賀
2826	賀	匣	歌	箇	胡箇
2827	佐	精	歌	箇	則箇
2828	跢	端	歌	箇	丁佐
2829	邏	來	歌	箇	郎佐
2830	坷	溪	歌	箇	口箇
2831	餓	疑	歌	箇	五个
2832	䭾	定	歌	箇	唐佐
2833	奈	泥	歌	箇	奴箇
2834	些	心	歌	箇	蘇箇
2835	呵	曉	歌	箇	呼箇
2836	拖	透	歌	箇	吐邏
2837	過	見	戈一合	過	古卧
2838	和	匣	戈一合	過	胡卧
2839	挫	精	戈一合	過	則卧
2840	課	溪	戈一合	過	苦卧
2841	唾	透	戈一合	過	湯卧
2842	播	幫	戈一合	過	補過
2843	剉	清	戈一合	過	麤卧
2844	磨	明	戈一合	過	摸卧
2845	愞	泥	戈一合	過	乃卧
2846	破	滂	戈一合	過	普過
2847	座	從	戈一合	過	徂卧
2848	臥	疑	戈一合	過	吾貨
2849	諎	清	戈一合	過	千過
2850	貨	曉	戈一合	過	呼臥
2851	惰	定	戈一合	過	徒臥
2852	縛	並	戈一合	過	符臥
2853	䇔	來	戈一合	過	魯過
2854	桗	端	戈一合	過	都唾
2855	磋	清	戈一合	過	七過
2856	䐝	心	戈一合	過	先臥
2857	侉	影	歌	箇	安賀
2858	涴	影	戈一合	過	烏臥
2859	禡	明	麻二開	禡	莫駕
2860	駕	見	麻二開	禡	古訝
2861	亞	影	麻二開	禡	衣嫁
2862	嚇	曉	麻二開	禡	呼訝
2863	迓	疑	麻二開	禡	吾駕
2864	詫	徹	麻二開	禡	丑亞
2865	吒	知	麻二開	禡	陟駕
2866	詐	莊	麻二開	禡	側駕
2867	乍	崇	麻二開	禡	鋤駕
2868	謝	邪	麻三開	禡	辝夜
2869	髂	溪	麻二開	禡	枯駕
2870	暇	匣	麻二開	禡	胡駕
2871	褯	從	麻三開	禡	慈夜
2872	夜	以	麻三開	禡	羊謝
2873	䞣	昌	麻三開	禡	充夜
2874	蝑	心	麻三開	禡	司夜
2875	柘	章	麻三開	禡	之夜
2876	唶	精	麻三開	禡	子夜
2877	舎	書	麻三開	禡	始夜
2878	射	船	麻三開	禡	神夜
2879	霸	幫	麻二開	禡	必駕
2880	帊	滂	麻二開	禡	普駕
2881	摦	匣	麻二合	禡	胡化
2882	化	曉	麻二合	禡	呼霸
2883	跨	溪	麻二合	禡	苦化
2884	誜	生	麻二合	禡	所化
2885	𤝡	並	麻二開	禡	白駕
2886	䏧	泥	麻二開	禡	乃亞
2887	笡	清	麻三開	禡	遷謝
2888	嗄	生	麻二開	禡	所嫁
2889	坬	見	麻二合	禡	古罵
2890	䖳	澄	麻二開	禡	除駕
2891	瓦	疑	麻二合	禡	五化
2892	攨	影	麻二合	禡	烏㕦
2893	漾	以	陽開	漾	餘亮
2894	亮	來	陽開	漾	力讓
2895	狀	崇	陽開	漾	鋤亮
2896	讓	日	陽開	漾	人樣
2897	餉	書	陽開	漾	式亮
2898	帳	知	陽開	漾	知亮
2899	悵	徹	陽開	漾	丑亮
2900	向	曉	陽開	漾	許亮
2901	仗	澄	陽開	漾	直亮
2902	釀	孃	陽開	漾	女亮
2903	匠	從	陽開	漾	疾亮
2904	障	章	陽開	漾	之亮
2905	尚	常	陽開	漾	時亮
2906	壯	莊	陽開	漾	側亮
2907	怏	影	陽開	漾	於亮
2908	弶	羣	陽開	漾	其亮
2909	唱	昌	陽開	漾	尺亮
2910	𠛝	初	陽開	漾	初亮
2911	醬	精	陽開	漾	子亮
2912	𨋕	疑	陽開	漾	魚向
2913	訪	滂	陽合	漾	敷亮
2914	妄	明	陽合	漾	巫放
2915	況	曉	陽合	漾	許訪
2916	誑	見	陽合	漾	居況
2917	迋	云	陽合	漾	于放
2918	放	幫	陽合	漾	甫妄
2919	相	心	陽開	漾	息亮
2920	彊	見	陽開	漾	居亮
2921	唴	溪	陽開	漾	丘亮
2922	蹡	清	陽開	漾	七亮
2923	狂	羣	陽合	漾	渠放
2924	防	並	陽合	漾	符況
2925	宕	定	唐開	宕	徒浪
2926	浪	來	唐開	宕	來宕
2927	吭	匣	唐開	宕	下浪
2928	盎	影	唐開	宕	烏浪
2929	枊	疑	唐開	宕	五浪
2930	葬	精	唐開	宕	則浪
2931	傍	並	唐開	宕	蒲浪
2932	藏	從	唐開	宕	徂浪
2933	譡	端	唐開	宕	丁浪
2934	抗	溪	唐開	宕	苦浪
2935	螃	幫	唐開	宕	補曠
2936	儻	透	唐開	宕	他浪
2937	曠	溪	唐合	宕	苦謗
2938	儾	泥	唐開	宕	奴浪
2939	喪	心	唐開	宕	蘇浪
2940	攩	匣	唐合	宕	乎曠
2941	桄	見	唐合	宕	古曠
2942	鋼	見	唐開	宕	古浪
2943	荒	曉	唐合	宕	呼浪
2944	漭	明	唐開	宕	莫浪
2945	汪	影	唐合	宕	烏浪
2946	映	影	庚三開	映	於敬
2947	敬	見	庚三開	映	居慶
2948	競	羣	庚三開	映	渠敬
2949	慶	溪	庚三開	映	丘敬
2950	更	見	庚二開	映	古孟
2951	命	明	庚三開	映	眉病
2952	病	並	庚三開	映	皮命
2953	孟	明	庚二開	映	莫更
2954	蝗	匣	庚二合	映	戸孟
2955	柄	幫	庚三開	映	陂病
2956	詠	云	庚三合	映	爲命
2957	行	匣	庚二開	映	下更
2958	瀴	影	庚二開	映	於孟
2959	㵾	初	庚二開	映	楚敬
2960	倀	知	庚二開	映	猪孟
2961	牚	徹	庚二開	映	他孟
2962	榜	幫	庚二開	映	北孟
2963	鋥	澄	庚二開	映	除更
2964	生	生	庚二開	映	所敬
2965	迎	疑	庚三開	映	魚敬
2966	膨	並	庚二開	映	蒲孟
2967	䛭	曉	庚二開	映	許更
2968	𥥈	影	庚二合	映	烏橫
2969	諍	莊	耕開	諍	側迸
2970	迸	幫	耕開	諍	北諍
2971	𠊧	並	耕開	諍	蒲迸
2972	䙬	影	耕開	諍	鷖迸
2973	鞕	疑	耕開	諍	五爭
2974	轟	曉	耕合	諍	呼迸
2975	勁	見	清A開	勁A	居正
2976	倩	清	清開	勁	七政
2977	政	章	清開	勁	之盛
2978	聖	書	清開	勁	式正
2979	鄭	澄	清開	勁	直正
2980	遉	徹	清開	勁	丑鄭
2981	性	心	清開	勁	息正
2982	令	來	清開	勁	力政
2983	聘	滂	清A開	勁A	匹正
2984	敻	曉	清A合	勁A	休正
2985	摒	幫	清A開	勁A	畀政
2986	偋	並	清A開	勁A	防正
2987	淨	從	清開	勁	疾政
2988	盛	常	清開	勁	承正
2989	詺	明	清A開	勁A	彌正
2990	輕	溪	清A開	勁A	墟正
2991	𣢝	曉	清A開	勁A	許令
2992	精	精	清開	勁	子姓
2993	徑	見	青開	徑	古定
2994	寗	泥	青開	徑	乃定
2995	腥	心	青開	徑	蘇佞
2996	脛	匣	青開	徑	胡定
2997	定	定	青開	徑	徒徑
2998	矴	端	青開	徑	丁定
2999	罄	溪	青開	徑	苦定
3000	聽	透	青開	徑	他定
3001	靘	清	青開	徑	千定
3002	䒌	明	青開	徑	莫定
3003	鎣	影	青合	徑	烏定
3004	零	來	青開	徑	郎定
3005	證	章	蒸	證	諸應
3006	孕	以	蒸	證	以證
3007	乗	船	蒸	證	實證
3008	認	日	蒸	證	而證
3009	應	影	蒸	證	於證
3010	甑	精	蒸	證	子孕
3011	興	曉	蒸	證	許應
3012	勝	書	蒸	證	詩證
3013	瞪	澄	蒸	證	丈證
3014	𩜁	來	蒸	證	里甑
3015	凭	並	蒸	證	皮證
3016	稱	昌	蒸	證	昌孕
3017	凝	疑	蒸	證	牛𩜁
3018	丞	常	蒸	證	常證
3019	覴	徹	蒸	證	丑證
3020	殑	羣	蒸	證	其𩜁
3021	嶝	端	登開	嶝	都鄧
3022	贈	從	登開	嶝	昨亘
3023	亘	見	登開	嶝	古鄧
3024	蹭	清	登開	嶝	千鄧
3025	鄧	定	登開	嶝	徒亘
3026	𢅴	明	登開	嶝	武亘
3027	𥦜	幫	登開	嶝	方隥
3028	倗	並	登開	嶝	父鄧
3029	踜	來	登開	嶝	魯鄧
3030	增	精	登開	嶝	子鄧
3031	𡬙	心	登開	嶝	思贈
3032	𤃶	透	登開	嶝	台鄧
3033	宥	云	尤	宥	于救
3034	救	見	尤	宥	居祐
3035	胄	澄	尤	宥	直祐
3036	晝	知	尤	宥	陟救
3037	狩	書	尤	宥	舒救
3038	臭	昌	尤	宥	尺救
3039	岫	邪	尤	宥	似祐
3040	齅	曉	尤	宥	許救
3041	呪	章	尤	宥	職救
3042	舊	羣	尤	宥	巨救
3043	𤸃	生	尤	宥	所祐
3044	皺	莊	尤	宥	側救
3045	副	滂	尤	宥	敷救
3046	簉	初	尤	宥	初救
3047	富	幫	尤	宥	方副
3048	畜	徹	尤	宥	丑救
3049	溜	來	尤	宥	力救
3050	秀	心	尤	宥	息救
3051	僦	精	尤	宥	即就
3052	驟	崇	尤	宥	鋤祐
3053	就	從	尤	宥	疾僦
3054	糅	孃	尤	宥	女救
3055	復	並	尤	宥	扶富
3056	狖	以	尤	宥	余救
3057	授	常	尤	宥	承呪
3058	輮	日	尤	宥	人又
3059	莓	明	尤	宥	亡救
3060	𪖐	疑	尤	宥	牛救
3061	𪖛	溪	尤	宥	丘救
3062	䞭	清	尤	宥	七溜
3063	𠋫	匣	侯	候	胡遘
3064	𡨥	溪	侯	候	苦候
3065	茂	明	侯	候	莫候
3066	仆	滂	侯	候	匹候
3067	豆	定	侯	候	田候
3068	鬥	端	侯	候	都豆
3069	槈	泥	侯	候	奴豆
3070	瘶	心	侯	候	蘇奏
3071	奏	精	侯	候	則候
3072	透	透	侯	候	他候
3073	漚	影	侯	候	烏候
3074	遘	見	侯	候	古候
3075	輳	清	侯	候	倉奏
3076	陋	來	侯	候	盧候
3077	蔻	曉	侯	候	呼漏
3078	䏽	並	侯	候	蒲候
3079	偶	疑	侯	候	五遘
3080	㔌	從	侯	候	才奏
3081	幼	影	幽	幼	伊謬
3082	謬	明	幽	幼	靡幼
3083	䠗	溪	幽	幼	丘謬
3084	𧾻	羣	幽	幼	巨幼
3085	沁	清	侵	沁	七鴆
3086	浸	精	侵	沁	子鴆
3087	妊	日	侵	沁	汝鴆
3088	鴆	澄	侵	沁	直禁
3089	枕	章	侵	沁	之任
3090	𦧈	羣	侵B	沁B	巨禁
3091	禁	見	侵B	沁B	居蔭
3092	賃	孃	侵	沁	乃禁
3093	蔭	影	侵B	沁B	於禁
3094	滲	生	侵	沁	所禁
3095	闖	徹	侵	沁	丑禁
3096	譖	莊	侵	沁	莊蔭
3097	讖	初	侵	沁	楚譖
3098	吟	疑	侵B	沁B	宜禁
3099	揕	知	侵	沁	知鴆
3100	臨	來	侵	沁	良鴆
3101	甚	常	侵	沁	時鴆
3102	䫴	云	侵	沁	于禁
3103	深	書	侵	沁	式禁
3104	勘	溪	覃	勘	苦紺
3105	紺	見	覃	勘	古暗
3106	憾	匣	覃	勘	胡紺
3107	暗	影	覃	勘	烏紺
3108	僋	透	覃	勘	他紺
3109	俕	心	覃	勘	蘇紺
3110	謲	清	覃	勘	七紺
3111	醰	定	覃	勘	徒紺
3112	儑	疑	覃	勘	五紺
3113	馾	端	覃	勘	丁紺
3114	妠	泥	覃	勘	奴紺
3115	顲	來	覃	勘	郎紺
3116	䫲	曉	覃	勘	呼紺
3117	篸	精	覃	勘	作紺
3118	闞	溪	談	闞	苦濫
3119	濫	來	談	闞	盧𣊟
3120	賧	透	談	闞	吐濫
3121	𪉦	見	談	闞	古蹔
3122	𧵊	曉	談	闞	呼濫
3123	憨	匣	談	闞	下瞰
3124	憺	定	談	闞	徒濫
3125	暫	從	談	闞	藏濫
3126	擔	端	談	闞	都濫
3127	三	心	談	闞	蘇暫
3128	豔	以	鹽	豔	以贍
3129	贍	常	鹽	豔	時豔
3130	染	日	鹽	豔	而豔
3131	厭	影	鹽A	豔A	於豔
3132	窆	幫	鹽B	豔B	方驗
3133	驗	疑	鹽B	豔B	魚窆
3134	閃	書	鹽	豔	舒贍
3135	𡄑	精	鹽	豔	子豔
3136	壍	清	鹽	豔	七豔
3137	殮	來	鹽	豔	力驗
3138	覘	徹	鹽	豔	丑豔
3139	䠨	昌	鹽	豔	昌豔
3140	𢜰	影	鹽B	豔B	於驗
3141	潛	從	鹽	豔	慈豔
3142	占	章	鹽	豔	章豔
3143	㮇	透	添	㮇	他念
3144	念	泥	添	㮇	奴店
3145	店	端	添	㮇	都念
3146	䃸	心	添	㮇	先念
3147	磹	定	添	㮇	徒念
3148	趝	見	添	㮇	紀念
3149	酓	影	添	㮇	於念
3150	僭	精	添	㮇	子念
3151	䁮	從	添	㮇	漸念
3152	兼	見	添	㮇	古念
3153	傔	溪	添	㮇	苦念
3154	稴	來	添	㮇	力店
3155	釅	疑	嚴	釅	魚欠
3156	脅	曉	嚴	釅	許欠
3157	㪁	溪	嚴	釅	丘釅
3158	𦲯	明	凡	范	亡劒
3159	陷	匣	咸	陷	戸韽
3160	韽	影	咸	陷	於陷
3161	蘸	莊	咸	陷	莊陷
3162	𪉜	知	咸	陷	陟陷
3163	歉	溪	咸	陷	口陷
3164	𧸖	澄	咸	陷	佇陷
3165	儳	崇	咸	陷	仕陷
3166	𪉦	見	咸	陷	公陷
3167	諵	孃	咸	陷	尼賺
3168	顑	疑	咸	陷	玉陷
3169	鑑	見	銜	鑑	格懺
3170	懺	初	銜	鑑	楚鑒
3171	覱	莊	銜	鑑	子鑑
3172	釤	生	銜	鑑	所鑑
3173	㒈	曉	銜	鑑	許鑑
3174	埿	並	銜	鑑	蒲鑑
3175	㽉	匣	銜	鑑	胡懺
3176	鑱	崇	銜	鑑	士懺
3177	𪒠	影	銜	鑑	
3178	梵	並	凡	范	扶泛
3179	汎	滂	凡	范	孚梵
3180	劔	見	嚴	釅	居欠
3181	欠	溪	嚴	釅	去劒
3182	俺	影	嚴	釅	於劒
3183	屋	影	屋一	屋	烏谷
3184	獨	定	屋一	屋	徒谷
3185	穀	見	屋一	屋	古禄
3186	縠	匣	屋一	屋	胡谷
3187	哭	溪	屋一	屋	空谷
3188	秃	透	屋一	屋	他谷
3189	𣫔	端	屋一	屋	丁木
3190	速	心	屋一	屋	桑谷
3191	禄	來	屋一	屋	盧谷
3192	嗀	曉	屋一	屋	呼木
3193	族	從	屋一	屋	昨木
3194	瘯	清	屋一	屋	千木
3195	鏃	精	屋一	屋	作木
3196	暴	並	屋一	屋	蒲木
3197	扑	滂	屋一	屋	普木
3198	卜	幫	屋一	屋	博木
3199	木	明	屋一	屋	莫卜
3200	福	幫	屋三	屋	方六
3201	伏	並	屋三	屋	房六
3202	縮	生	屋三	屋	所六
3203	六	來	屋三	屋	力竹
3204	逐	澄	屋三	屋	直六
3205	菊	見	屋三	屋	居六
3206	麴	溪	屋三	屋	驅匊
3207	熟	常	屋三	屋	殊六
3208	俶	昌	屋三	屋	昌六
3209	育	以	屋三	屋	余六
3210	驧	羣	屋三	屋	渠竹
3211	鼀	清	屋三	屋	七宿
3212	肉	日	屋三	屋	如六
3213	粥	章	屋三	屋	之六
3214	叔	書	屋三	屋	式竹
3215	蓄	曉	屋三	屋	許竹
3216	竹	知	屋三	屋	張六
3217	蹙	精	屋三	屋	子六
3218	珿	初	屋三	屋	初六
3219	肭	孃	屋三	屋	女六
3220	縬	莊	屋三	屋	側六
3221	蝮	滂	屋三	屋	芳福
3222	郁	影	屋三	屋	於六
3223	肅	心	屋三	屋	息逐
3224	目	明	屋三	屋	莫六
3225	囿	云	屋三	屋	于六
3226	蓄	徹	屋三	屋	丑六
3227	砡	疑	屋三	屋	魚菊
3228	𣤶	從	屋三	屋	才六
3229	沃	影	沃	沃	烏酷
3230	毒	定	沃	沃	徒沃
3231	篤	端	沃	沃	冬毒
3232	酷	溪	沃	沃	苦沃
3233	鵠	匣	沃	沃	胡沃
3234	僕	並	沃	沃	蒲沃
3235	洬	心	沃	沃	先篤
3236	梏	見	沃	沃	古沃
3237	瑁	明	沃	沃	莫沃
3238	熇	曉	沃	沃	火酷
3239	褥	泥	沃	沃	内沃
3240	傶	精	沃	沃	將毒
3241	襮	幫	沃	沃	博沃
3242	濼	來	沃	沃	盧毒
3243	𤛹	疑	沃	沃	五沃
3244	燭	章	燭	燭	之欲
3245	玉	疑	燭	燭	魚欲
3246	旭	曉	燭	燭	許玉
3247	輂	見	燭	燭	居玉
3248	局	羣	燭	燭	渠玉
3249	蜀	常	燭	燭	市玉
3250	觸	昌	燭	燭	尺玉
3251	辱	日	燭	燭	而蜀
3252	束	書	燭	燭	書玉
3253	欲	以	燭	燭	余蜀
3254	躅	澄	燭	燭	直録
3255	録	來	燭	燭	力玉
3256	曲	溪	燭	燭	丘玉
3257	瘃	知	燭	燭	陟玉
3258	足	精	燭	燭	即玉
3259	贖	船	燭	燭	神蜀
3260	幞	並	燭	燭	房玉
3261	促	清	燭	燭	七玉
3262	續	邪	燭	燭	似足
3263	粟	心	燭	燭	相玉
3264	䪁	幫	燭	燭	封曲
3265	梀	徹	燭	燭	丑玉
3266	覺	見	覺	覺	古岳
3267	嶽	疑	覺	覺	五角
3268	浞	崇	覺	覺	士角
3269	捉	莊	覺	覺	側角
3270	朔	生	覺	覺	所角
3271	斲	知	覺	覺	竹角
3272	剥	幫	覺	覺	北角
3273	邈	明	覺	覺	莫角
3274	雹	並	覺	覺	蒲角
3275	璞	滂	覺	覺	匹角
3276	㱿	溪	覺	覺	苦角
3277	濁	澄	覺	覺	直角
3278	渥	影	覺	覺	於角
3279	搦	孃	覺	覺	女角
3280	逴	徹	覺	覺	敕角
3281	犖	來	覺	覺	吕角
3282	學	匣	覺	覺	胡覺
3283	㕰	曉	覺	覺	許角
3284	娖	初	覺	覺	測角
3285	質	章	質開	質	之日
3286	日	日	質開	質	人質
3287	實	船	質開	質	神質
3288	秩	澄	質開	質	直一
3289	悉	心	質開	質	息七
3290	一	影	質A	質A	於悉
3291	七	清	質開	質	親吉
3292	匹	滂	質A	質A	譬吉
3293	吉	見	質A	質A	居質
3294	暱	孃	質開	質	尼質
3295	逸	以	質開	質	夷質
3296	詰	溪	質A	質A	去吉
3297	欯	曉	質A	質A	許吉
3298	抶	徹	質開	質	丑栗
3299	栗	來	質開	質	力質
3300	窒	知	質開	質	陟栗
3301	疾	從	質開	質	秦悉
3302	㓼	初	櫛	櫛	初栗
3303	失	書	質開	質	式質
3304	堲	精	質開	質	資悉
3305	蜜	明	質A	質A	彌畢
3306	必	幫	質A	質A	卑吉
3307	姞	羣	質B開	質B	巨乙
3308	邲	並	質A	質A	毗必
3309	䫻	云	質合	質	于筆
3310	率	生	術	術	所律
3311	叱	昌	質開	質	昌栗
3312	𪗨	崇	櫛	櫛	仕叱
3313	密	明	質B開	質B	美畢
3314	弼	並	質B開	質B	房密
3315	乙	影	質B開	質B	於筆
3316	耴	疑	質B開	質B	魚乙
3317	筆	幫	質B開	質B	鄙密
3318	茁	知	術	術	徵筆
3319	肸	曉	質B開	質B	羲乙
3320	曁	見	質B開	質B	居乙
3321	蛭	知	質開	質	丁悉
3322	獝	曉	術A	術A	況必
3323	術	船	術	術	食聿
3324	橘	見	術A	術A	居聿
3325	崒	從	術	術	慈䘏
3326	聿	以	術	術	餘律
3327	卒	精	術	術	子聿
3328	䘏	心	術	術	辛聿
3329	律	來	術	術	吕䘏
3330	黜	徹	術	術	丑律
3331	㤕	知	術	術	竹律
3332	术	澄	術	術	直律
3333	出	昌	術	術	赤律
3334	焌	清	術	術	倉聿
3335	𠭴	莊	術	術	側律
3336	䎉	曉	質B合	質B	許聿
3337	櫛	莊	櫛	櫛	阻瑟
3338	瑟	生	櫛	櫛	所櫛
3339	𪗨	崇	櫛	櫛	崱瑟
3340	物	明	物	物	文弗
3341	弗	幫	物	物	分勿
3342	鬱	影	物	物	紆物
3343	𠀔	見	物	物	九勿
3344	屈	溪	物	物	區勿
3345	倔	羣	物	物	衢物
3346	佛	並	物	物	符弗
3347	䬍	曉	物	物	許勿
3348	䬑	云	物	物	王勿
3349	拂	滂	物	物	敷勿
3350	崛	疑	物	物	魚勿
3351	迄	曉	迄	迄	許訖
3352	訖	見	迄	迄	居乙
3353	疙	疑	迄	迄	魚迄
3354	䞘	羣	迄	迄	其迄
3355	乞	溪	迄	迄	去訖
3356	月	疑	月合	月	魚厥
3357	伐	並	月合	月	房越
3358	越	云	月合	月	王伐
3359	厥	見	月合	月	居月
3360	𡡕	影	月合	月	於月
3361	𧤼	羣	月合	月	其月
3362	闕	溪	月合	月	去月
3363	髮	幫	月合	月	方伐
3364	韤	明	月合	月	望發
3365	䬂	曉	月合	月	許月
3366	謁	影	月開	月	於歇
3367	歇	曉	月開	月	許竭
3368	訐	見	月開	月	居竭
3369	𢷒	羣	月開	月	其謁
3370	㤄	滂	月合	月	拂伐
3371	钀	疑	月開	月	語訐
3372	没	明	沒	沒	莫勃
3373	𣅝	透	沒	沒	土骨
3374	骨	見	沒	沒	古忽
3375	勃	並	沒	沒	蒲没
3376	咄	端	沒	沒	當没
3377	宊	透	沒	沒	他骨
3378	突	定	沒	沒	陀骨
3379	𩑦	影	沒	沒	烏没
3380	忽	曉	沒	沒	呼骨
3381	兀	疑	沒	沒	五忽
3382	䪬	滂	沒	沒	普没
3383	𠀽	來	沒	沒	勒没
3384	窟	溪	沒	沒	苦骨
3385	訥	泥	沒	沒	内骨
3386	窣	心	沒	沒	蘇骨
3387	猝	清	沒	沒	倉没
3388	捽	從	沒	沒	昨没
3389	麧	匣	麧	麧	下没
3390	搰	匣	沒	沒	戸骨
3391	卒	精	沒	沒	臧没
3392	曷	匣	曷	曷	胡葛
3393	䫘	曉	曷	曷	許葛
3394	怛	端	曷	曷	當割
3395	闥	透	曷	曷	他達
3396	遏	影	曷	曷	烏葛
3397	剌	來	曷	曷	盧達
3398	渴	溪	曷	曷	苦曷
3399	達	定	曷	曷	唐割
3400	巀	從	曷	曷	才割
3401	嶭	疑	曷	曷	五割
3402	葛	見	曷	曷	古達
3403	躠	心	曷	曷	桑割
3404	攃	清	曷	曷	七曷
3405	捺	泥	曷	曷	奴曷
3406	䔾	明	曷	曷	矛割
3407	末	明	末	末	莫撥
3408	枂	疑	末	末	五活
3409	柮	從	末	末	藏活
3410	撥	幫	末	末	北末
3411	䰖	精	曷	曷	姊末
3412	括	見	末	末	古活
3413	闊	溪	末	末	苦栝
3414	活	匣	末	末	戸括
3415	奪	定	末	末	徒活
3416	豁	曉	末	末	呼括
3417	斡	影	末	末	烏括
3418	繓	精	末	末	子括
3419	鏺	滂	末	末	普活
3420	侻	透	末	末	他括
3421	捋	來	末	末	郎括
3422	掇	端	末	末	丁括
3423	撮	清	末	末	倉括
3424	跋	並	末	末	蒲撥
3425	黠	匣	鎋開	鎋	胡八
3426	札	莊	鎋開	鎋	側八
3427	拔	並	鎋開	鎋	蒲八
3428	𤫶	溪	鎋開	鎋	恪八
3429	滑	匣	鎋合	鎋	戸八
3430	八	幫	鎋開	鎋	博拔
3431	窡	知	鎋合	鎋	丁滑
3432	婠	影	鎋合	鎋	烏八
3433	豽	孃	鎋合	鎋	女滑
3434	𪙻	初	鎋開	鎋	初八
3435	劀	見	鎋合	鎋	古滑
3436	戛	見	鎋開	鎋	古黠
3437	軋	影	鎋開	鎋	烏黠
3438	殺	生	鎋開	鎋	所八
3439	㑻	明	鎋開	鎋	莫八
3440	傄	曉	鎋合	鎋	呼八
3441	痆	孃	鎋開	鎋	女黠
3442	𦤙	疑	鎋合	鎋	五滑
3443	䯇	溪	鎋合	鎋	口滑
3444	汃	滂	鎋開	鎋	普八
3445	茁	莊	鎋合	鎋	鄒滑
3446	鎋	匣	黠開	黠	胡瞎
3447	𪆰	影	黠開	黠	乙鎋
3448	齾	疑	黠開	黠	五鎋
3449	刹	初	黠開	黠	初鎋
3450	𥴭	溪	黠開	黠	枯鎋
3451	瞎	曉	黠開	黠	許鎋
3452	獺	徹	黠開	黠	他鎋
3453	刮	見	黠合	黠	古䫄
3454	頢	匣	黠合	黠	下刮
3455	䫄	徹	黠合	黠	丑刮
3456	鵽	知	黠合	黠	丁刮
3457	刷	生	黠合	黠	數刮
3458	刖	疑	黠合	黠	五刮
3459	䵵	初	黠合	黠	初刮
3460	𥗥	明	黠開	黠	莫鎋
3461	妠	孃	黠合	黠	女刮
3462	捌	幫	黠開	黠	百鎋
3463	𪈟	見	黠開	黠	古鎋
3464	𨰉	崇	黠開	黠	查鎋
3465	哳	知	黠開	黠	陟鎋
3466	𩭿	日	黠開	黠	而轄
3467	屑	心	屑開	屑	先結
3468	切	清	屑開	屑	千結
3469	結	見	屑開	屑	古屑
3470	節	精	屑開	屑	子結
3471	血	曉	屑合	屑	呼決
3472	闋	溪	屑合	屑	苦穴
3473	玦	見	屑合	屑	古穴
3474	穴	匣	屑合	屑	胡決
3475	抉	影	屑合	屑	於決
3476	姪	定	屑開	屑	徒結
3477	鐵	透	屑開	屑	他結
3478	纈	匣	屑開	屑	胡結
3479	涅	泥	屑開	屑	奴結
3480	𢧵	從	屑開	屑	昨結
3481	齧	疑	屑開	屑	五結
3482	蔑	明	屑開	屑	莫結
3483	㢼	幫	屑開	屑	方結
3484	噎	影	屑開	屑	烏結
3485	猰	溪	屑開	屑	苦結
3486	𡘐	曉	屑開	屑	虎結
3487	撆	滂	屑開	屑	普蔑
3488	蹩	並	屑開	屑	蒲結
3489	窒	端	屑開	屑	丁結
3490	𥸸	來	屑開	屑	練結
3491	薛	心	薛開	薛	私列
3492	列	來	薛開	薛	良辥
3493	哲	知	薛開	薛	陟列
3494	傑	羣	薛B開	薛B	渠列
3495	熱	日	薛開	薛	如列
3496	晢	章	薛開	薛	旨熱
3497	舌	船	薛開	薛	食列
3498	折	常	薛開	薛	常列
3499	孼	疑	薛B開	薛B	魚列
3500	滅	明	薛A開	薛A	亡列
3501	朅	溪	薛B開	薛B	丘竭
3502	鷩	幫	薛A開	薛A	并列
3503	絕	從	薛合	薛	情雪
3504	蕝	精	薛合	薛	子悅
3505	雪	心	薛合	薛	相絕
3506	𤿫	徹	薛合	薛	丑悅
3507	悅	以	薛合	薛	弋雪
3508	缺	溪	薛A合	薛A	傾雪
3509	噦	影	薛B合	薛B	乙劣
3510	爇	日	薛合	薛	如劣
3511	說	書	薛合	薛	失爇
3512	拙	章	薛合	薛	職悅
3513	歠	昌	薛合	薛	昌悅
3514	輟	知	薛合	薛	陟劣
3515	劣	來	薛合	薛	力輟
3516	瞥	滂	薛A開	薛A	芳滅
3517	别	並	薛B開	薛B	皮列
3518	轍	澄	薛開	薛	直列
3519	䇷	幫	薛B開	薛B	方别
3520	㕞	生	薛合	薛	所劣
3521	孑	見	薛B開	薛B	居列
3522	設	書	薛開	薛	識列
3523	呐	孃	薛合	薛	女劣
3524	𥄎	曉	薛B合	薛B	許劣
3525	妜	影	薛A合	薛A	於悅
3526	蹶	見	薛B合	薛B	紀劣
3527	茁	莊	薛合	薛	側劣
3528	膬	清	薛合	薛	七絕
3529	蠽	精	薛開	薛	姉列
3530	榝	生	薛開	薛	山列
3531	焆	影	薛B開	薛B	於列
3532	屮	徹	薛開	薛	丑列
3533	娎	曉	薛B開	薛B	許列
3534	啜	昌	薛合	薛	姝雪
3535	㔍	初	薛開	薛	廁列
3536	㿱	邪	薛合	薛	寺絕
3537	掣	昌	薛開	薛	昌列
3538	抴	以	薛開	薛	羊列
3539	𨵊	崇	薛開	薛	士列
3540	藥	以	藥開	藥	以灼
3541	略	來	藥開	藥	離灼
3542	腳	見	藥開	藥	居勺
3543	灼	章	藥開	藥	之若
3544	爍	書	藥開	藥	書藥
3545	若	日	藥開	藥	而灼
3546	綽	昌	藥開	藥	昌約
3547	約	影	藥開	藥	於略
3548	卻	溪	藥開	藥	去約
3549	虐	疑	藥開	藥	魚約
3550	妁	常	藥開	藥	市若
3551	㲋	徹	藥開	藥	丑略
3552	削	心	藥開	藥	息約
3553	斮	莊	藥開	藥	側略
3554	爵	精	藥開	藥	即略
3555	皭	從	藥開	藥	在爵
3556	鵲	清	藥開	藥	七雀
3557	噱	羣	藥開	藥	其虐
3558	嬳	影	藥合	藥	憂縛
3559	縛	並	藥合	藥	符钁
3560	䂄	曉	藥合	藥	許縛
3561	籰	云	藥合	藥	王縛
3562	玃	見	藥合	藥	居縛
3563	芍	知	藥開	藥	張略
3564	著	澄	藥開	藥	直略
3565	躩	溪	藥合	藥	丘縛
3566	戄	羣	藥合	藥	具籰
3567	逽	孃	藥開	藥	女略
3568	𩅿	滂	藥合	藥	孚縛
3569	謔	曉	藥開	藥	虚約
3570	鐸	定	鐸開	鐸	徒落
3571	莫	明	鐸開	鐸	慕各
3572	落	來	鐸開	鐸	盧各
3573	託	透	鐸開	鐸	他各
3574	作	精	鐸開	鐸	則落
3575	錯	清	鐸開	鐸	倉各
3576	各	見	鐸開	鐸	古落
3577	恪	溪	鐸開	鐸	苦各
3578	咢	疑	鐸開	鐸	五各
3579	𩔈	滂	鐸開	鐸	匹各
3580	惡	影	鐸開	鐸	烏各
3581	泊	並	鐸開	鐸	傍各
3582	𦞦	曉	鐸開	鐸	呵各
3583	索	心	鐸開	鐸	蘇各
3584	涸	匣	鐸開	鐸	下各
3585	昨	從	鐸開	鐸	在各
3586	博	幫	鐸開	鐸	補各
3587	諾	泥	鐸開	鐸	奴各
3588	霍	曉	鐸合	鐸	虚郭
3589	郭	見	鐸合	鐸	古博
3590	雘	影	鐸合	鐸	烏郭
3591	穫	匣	鐸合	鐸	胡郭
3592	廓	溪	鐸合	鐸	苦郭
3593	瓁	疑	鐸合	鐸	五郭
3594	硦	來	鐸合	鐸	盧穫
3595	㘀	精	鐸合	鐸	祖郭
3596	陌	明	陌二開	陌	莫白
3597	磔	知	陌二開	陌	陟格
3598	白	並	陌二開	陌	傍陌
3599	伯	幫	陌二開	陌	博陌
3600	劇	羣	陌三開	陌	奇逆
3601	戟	見	陌三開	陌	几劇
3602	𡩡	生	陌三開	陌	山戟
3603	柵	初	陌三開	陌	測戟
3604	嚄	匣	陌二合	陌	胡伯
3605	嘖	莊	陌二開	陌	側伯
3606	齚	崇	陌二開	陌	鋤陌
3607	隙	溪	陌三開	陌	綺戟
3608	額	疑	陌二開	陌	五陌
3609	逆	疑	陌三開	陌	宜戟
3610	客	溪	陌二開	陌	苦格
3611	啞	影	陌二開	陌	烏格
3612	虩	曉	陌三開	陌	許郤
3613	𡍩	徹	陌二開	陌	丑格
3614	䪝	影	陌二合	陌	乙白
3615	拍	滂	陌二開	陌	普伯
3616	赫	曉	陌二開	陌	呼格
3617	垎	匣	陌二開	陌	胡格
3618	格	見	陌二開	陌	古伯
3619	謋	曉	陌二合	陌	虎伯
3620	宅	澄	陌二開	陌	場伯
3621	虢	見	陌二合	陌	古伯
3622	擭	影	陌三合	陌	一虢
3623	蹃	孃	陌二開	陌	女白
3624	𧍕	溪	陌二合	陌	丘擭
3625	欂	並	陌三開	陌	弼戟
3626	麥	明	麥開	麥	莫獲
3627	獲	匣	麥合	麥	胡麥
3628	蟈	見	麥合	麥	古獲
3629	檗	幫	麥開	麥	博厄
3630	䌟	並	麥開	麥	蒲革
3631	賾	崇	麥開	麥	士革
3632	責	莊	麥開	麥	側革
3633	䞰	崇	麥合	麥	査獲
3634	策	初	麥開	麥	楚革
3635	礊	溪	麥開	麥	楷革
3636	剨	曉	麥合	麥	呼麥
3637	覈	匣	麥開	麥	下革
3638	隔	見	麥開	麥	古核
3639	摘	知	麥開	麥	陟革
3640	戹	影	麥開	麥	於革
3641	栜	生	麥開	麥	山責
3642	𢶉	滂	麥開	麥	普麥
3643	虉	疑	麥開	麥	五革
3644	礐	來	麥開	麥	力摘
3645	㩇	莊	麥合	麥	簪摑
3646	𢷾	生	麥合	麥	砂獲
3647	𧾛	羣	麥合	麥	求獲
3648	疒	孃	麥開	麥	尼戹
3649	昔	心	昔開	昔	思積
3650	積	精	昔開	昔	資昔
3651	益	影	昔A開	昔A	伊昔
3652	繹	以	昔開	昔	羊益
3653	釋	書	昔開	昔	施隻
3654	尺	昌	昔開	昔	昌石
3655	石	常	昔開	昔	常隻
3656	隻	章	昔開	昔	之石
3657	擲	澄	昔開	昔	直炙
3658	皵	清	昔開	昔	七迹
3659	席	邪	昔開	昔	祥易
3660	籍	從	昔開	昔	秦昔
3661	擗	並	昔A開	昔A	房益
3662	役	以	昔合	昔	營隻
3663	瞁	曉	昔A合	昔A	許役
3664	辟	幫	昔A開	昔A	必益
3665	僻	滂	昔A開	昔A	芳辟
3666	麝	船	昔開	昔	食亦
3667	碧	幫	陌三開	陌	彼役
3668	𪐏	知	昔開	昔	竹益
3669	彳	徹	昔開	昔	丑亦
3670	𦳮	章	昔合	昔	之役
3671	𥄎	清	昔合	昔	七役
3672	錫	心	錫開	錫	先擊
3673	激	見	錫開	錫	古歷
3674	霹	滂	錫開	錫	普擊
3675	靂	來	錫開	錫	郎擊
3676	的	端	錫開	錫	都歷
3677	檄	匣	錫開	錫	胡狄
3678	鷁	疑	錫開	錫	五歷
3679	荻	定	錫開	錫	徒歷
3680	逖	透	錫開	錫	他歷
3681	績	精	錫開	錫	則歷
3682	燩	溪	錫開	錫	苦擊
3683	惄	泥	錫開	錫	奴歷
3684	寂	從	錫開	錫	前歷
3685	覓	明	錫開	錫	莫狄
3686	甓	並	錫開	錫	扶歷
3687	壁	幫	錫開	錫	北激
3688	闃	溪	錫合	錫	苦鶪
3689	郹	見	錫合	錫	古闃
3690	戚	清	錫開	錫	倉歷
3691	赥	曉	錫開	錫	許激
3692	𥍟	曉	錫合	錫	呼狊
3693	𣤩	徹	錫開	錫	丑歷
3694	職	章	職開	職	之翼
3695	直	澄	職開	職	除力
3696	力	來	職開	職	林直
3697	敕	徹	職開	職	恥力
3698	陟	知	職開	職	竹力
3699	食	船	職開	職	乗力
3700	息	心	職開	職	相即
3701	寔	常	職開	職	常職
3702	識	書	職開	職	賞職
3703	赩	曉	職開	職	許極
3704	崱	崇	職開	職	士力
3705	極	羣	職開	職	渠力
3706	匿	孃	職開	職	女力
3707	測	初	職開	職	初力
3708	憶	影	職開	職	於力
3709	色	生	職開	職	所力
3710	䩯	溪	職開	職	丘力
3711	殛	見	職開	職	紀力
3712	弋	以	職開	職	與職
3713	即	精	職開	職	子力
3714	逼	幫	職開	職	彼側
3715	域	云	職合	職	雨逼
3716	洫	曉	職合	職	況逼
3717	堛	滂	職開	職	芳逼
3718	稄	莊	職開	職	阻力
3719	愎	並	職開	職	符逼
3720	嶷	疑	職開	職	魚力
3721	堲	從	職開	職	秦力
3722	𡮞	知	職開	職	丁力
3723	䁇	明	職開	職	亡逼
3724	瀷	昌	職開	職	昌力
3725	德	端	德開	德	多則
3726	則	精	德開	德	子德
3727	勒	來	德開	德	盧則
3728	忒	透	德開	德	他德
3729	刻	溪	德開	德	苦得
3730	特	定	德開	德	徒得
3731	黑	曉	德開	德	呼北
3732	墨	明	德開	德	莫北
3733	賊	從	德開	德	昨則
3734	塞	心	德開	德	蘇則
3735	北	幫	德開	德	博墨
3736	菔	並	德開	德	蒲北
3737	或	匣	德合	德	胡國
3738	國	見	德合	德	古或
3739	餩	影	德開	德	愛黑
3740	劾	匣	德開	德	胡得
3741	䘅	泥	德開	德	奴勒
3742	裓	見	德開	德	古得
3743	墄	清	德開	德	七則
3744	覆	滂	德開	德	匹北
3745	𢃤	曉	德合	德	呼或
3746	緝	清	緝	緝	七入
3747	十	常	緝	緝	是執
3748	執	章	緝	緝	之入
3749	習	邪	緝	緝	似入
3750	集	從	緝	緝	秦入
3751	入	日	緝	緝	人執
3752	揖	影	緝A	緝A	伊入
3753	溼	書	緝	緝	失入
3754	㗱	精	緝	緝	子入
3755	及	羣	緝B	緝B	其立
3756	蟄	澄	緝	緝	直立
3757	縶	知	緝	緝	陟立
3758	立	來	緝	緝	力入
3759	急	見	緝B	緝B	居立
3760	岌	疑	緝B	緝B	魚及
3761	泣	溪	緝B	緝B	去急
3762	𩎕	心	緝	緝	先立
3763	歰	生	緝	緝	色立
3764	吸	曉	緝B	緝B	許及
3765	戢	莊	緝	緝	阻立
3766	邑	影	緝B	緝B	於汲
3767	湁	徹	緝	緝	丑入
3768	煜	云	緝	緝	爲立
3769	熠	以	緝	緝	羊入
3770	孨	孃	緝	緝	尼立
3771	霵	崇	緝	緝	仕戢
3772	𩾳	並	緝B	緝B	皮及
3773	鵖	幫	緝B	緝B	彼及
3774	㞚	初	緝	緝	初戢
3775	卙	昌	緝	緝	昌汁
3776	合	匣	合	合	侯閤
3777	閤	見	合	合	古沓
3778	答	端	合	合	都合
3779	趿	心	合	合	蘇合
3780	沓	定	合	合	徒合
3781	錔	透	合	合	他合
3782	雜	從	合	合	徂合
3783	帀	精	合	合	子荅
3784	拉	來	合	合	盧合
3785	納	泥	合	合	奴荅
3786	溘	溪	合	合	口荅
3787	姶	影	合	合	烏合
3788	欱	曉	合	合	呼合
3789	㬎	疑	合	合	五合
3790	䟃	清	合	合	七合
3791	遪	常	合	合	十合
3792	唈	影	合	合	烏荅
3793	盍	匣	盍	盍	胡臘
3794	臘	來	盍	盍	盧盍
3795	㿴	端	盍	盍	都榼
3796	榻	透	盍	盍	吐盍
3797	𣣹	曉	盍	盍	呼盍
3798	魶	泥	盍	盍	奴盍
3799	蹋	定	盍	盍	徒盍
3800	𠎷	心	盍	盍	私盍
3801	儑	疑	盍	盍	五盍
3802	䪞	從	盍	盍	才盍
3803	䫦	見	盍	盍	古盍
3804	榼	溪	盍	盍	苦盍
3805	鰪	影	盍	盍	安盍
3806	囃	清	盍	盍	倉雜
3807	砝	見	盍	盍	居盍
3808	譫	章	盍	盍	章盍
3809	葉	以	葉	葉	與涉
3810	接	精	葉	葉	即葉
3811	攝	書	葉	葉	書涉
3812	涉	常	葉	葉	時攝
3813	獵	來	葉	葉	良涉
3814	捷	從	葉	葉	疾葉
3815	䐑	澄	葉	葉	直葉
3816	𢽱	影	葉B	葉B	於輒
3817	聶	孃	葉	葉	尼輒
3818	謵	昌	葉	葉	叱涉
3819	讘	日	葉	葉	而涉
3820	讋	章	葉	葉	之涉
3821	妾	清	葉	葉	七接
3822	鍤	徹	葉	葉	丑輒
3823	衱	羣	葉B	葉B	其輒
3824	輒	知	葉	葉	陟葉
3825	曄	云	葉	葉	筠輒
3826	𤷾	溪	葉A	葉A	去涉
3827	萐	生	葉	葉	山輒
3828	𦀖	見	葉B	葉B	居輒
3829	魘	影	葉A	葉A	於葉
3830	怗	透	怗	怗	他協
3831	協	匣	怗	怗	胡頰
3832	頰	見	怗	怗	古協
3833	愜	溪	怗	怗	苦協
3834	牒	定	怗	怗	徒協
3835	苶	泥	怗	怗	奴協
3836	燮	心	怗	怗	蘇協
3837	㼲	來	怗	怗	盧協
3838	聑	端	怗	怗	丁愜
3839	䕹	從	怗	怗	在協
3840	浹	精	怗	怗	子協
3841	弽	曉	怗	怗	呼牒
3842	䢡	心	怗	怗	先頰
3843	洽	匣	洽	洽	侯夾
3844	恰	溪	洽	洽	苦洽
3845	𥯦	崇	洽	洽	士洽
3846	夾	見	洽	洽	古洽
3847	眨	莊	洽	洽	側洽
3848	插	初	洽	洽	楚洽
3849	㘝	孃	洽	洽	女洽
3850	䶎	曉	洽	洽	呼洽
3851	霎	生	洽	洽	山洽
3852	劄	知	洽	洽	竹洽
3853	𨂁	影	洽	洽	烏洽
3854	䀴	疑	洽	洽	五夾
3855	𥃐	徹	洽	洽	丑㘝
3856	狎	匣	狎	狎	胡甲
3857	𠗨	澄	狎	狎	丈甲
3858	鴨	影	狎	狎	烏甲
3859	甲	見	狎	狎	古狎
3860	翣	生	狎	狎	所甲
3861	呷	曉	狎	狎	呼甲
3862	業	疑	業	業	魚怯
3863	脅	曉	業	業	虚業
3864	怯	溪	業	業	去劫
3865	劫	見	業	業	居怯
3866	腌	影	業	業	於業
3867	殜	以	業	業	余業
3868	跲	羣	業	業	巨業
3869	乏	並	乏	乏	房法
3870	法	幫	乏	乏	方乏
3871	𥎰	滂	乏	乏	孚法
3872	猲	溪	乏	乏	起法
3873	䎎	孃	乏	乏	女法
3874	𦑣	徹	乏	乏	丑法
